TYPE;N. ALBO;FONDO;SOCIETA;COMPARTO;CATEGORIA;ISC a 2 anni;ISC a 5 anni;ISC a 10 anni;ISC a 35 anni
FPN;1;FONDO PENSIONE FONCHIM;;CRESCITA;AZN;0,82;0,44;0,27;0,15
FPN;1;FONDO PENSIONE FONCHIM;;GARANTITO;GAR;1,23;0,85;0,69;0,57
FPN;1;FONDO PENSIONE FONCHIM;;STABILITÀ;OBB;0,81;0,43;0,27;0,14
FPN;2;FONDO PENSIONE FONDENERGIA;;BILANCIATO;BIL;0,42;0,3;0,26;0,23
FPN;2;FONDO PENSIONE FONDENERGIA;;DINAMICO;AZN;0,44;0,32;0,27;0,24
FPN;2;FONDO PENSIONE FONDENERGIA;;GARANTITO;GAR;0,76;0,64;0,6;0,56
FPN;3;FONDO PENSIONE QUADRI E CAPI FIAT;;CRESCITA;BIL;0,91;0,5;0,33;0,19
FPN;3;FONDO PENSIONE QUADRI E CAPI FIAT;;REDDITO;OBB;0,89;0,48;0,31;0,17
FPN;3;FONDO PENSIONE QUADRI E CAPI FIAT;;STABILITA';GAR;1,4;1;0,83;0,69
FPA;4;ALLIANZ PREVIDENZA  FONDO PENSIONE APERTO A CONTRIBUZIONE DEFINITA;ALLIANZ S.P.A.;LINEA AZIONARIA;AZN;2,12;1,58;1,49;1,45
FPA;4;ALLIANZ PREVIDENZA  FONDO PENSIONE APERTO A CONTRIBUZIONE DEFINITA;ALLIANZ S.P.A.;LINEA BILANCIATA;BIL;1,92;1,38;1,29;1,25
FPA;4;ALLIANZ PREVIDENZA  FONDO PENSIONE APERTO A CONTRIBUZIONE DEFINITA;ALLIANZ S.P.A.;LINEA FLESSIBILE;GAR;1,77;1,23;1,14;1,1
FPA;4;ALLIANZ PREVIDENZA  FONDO PENSIONE APERTO A CONTRIBUZIONE DEFINITA;ALLIANZ S.P.A.;LINEA MULTIASSET;BIL;3,05;2,09;1,8;1,61
FPA;4;ALLIANZ PREVIDENZA  FONDO PENSIONE APERTO A CONTRIBUZIONE DEFINITA;ALLIANZ S.P.A.;LINEA OBBLIGAZIONARIA BREVE TERMINE;OBB;1,67;1,13;1,04;1
FPA;4;ALLIANZ PREVIDENZA  FONDO PENSIONE APERTO A CONTRIBUZIONE DEFINITA;ALLIANZ S.P.A.;LINEA OBBLIGAZIONARIA LUNGO TERMINE;OBB;1,87;1,33;1,24;1,2
FPA;5;PREVIDENZA PER TE - FONDO PENSIONE APERTO;AXA MPS ASSICURAZIONI VITA S.P.A.;CRESCITA;AZN;3,01;2,13;1,88;1,72
FPA;5;PREVIDENZA PER TE - FONDO PENSIONE APERTO;AXA MPS ASSICURAZIONI VITA S.P.A.;GARANTITA;GAR;2,59;1,71;1,46;1,3
FPA;5;PREVIDENZA PER TE - FONDO PENSIONE APERTO;AXA MPS ASSICURAZIONI VITA S.P.A.;MISTA;BIL;2,8;1,92;1,67;1,51
FPA;5;PREVIDENZA PER TE - FONDO PENSIONE APERTO;AXA MPS ASSICURAZIONI VITA S.P.A.;MONETA;OBB;2,49;1,61;1,36;1,19
FPA;5;PREVIDENZA PER TE - FONDO PENSIONE APERTO;AXA MPS ASSICURAZIONI VITA S.P.A.;STABILITÀ;BIL;2,49;1,61;1,36;1,19
FPA;6;ALMEGLIO FONDO PENSIONE APERTO ALLEANZA A CONTRIBUZIONE DEFINITA;ALLEANZA ASSICURAZIONI S.P.A.;AZIONARIO;AZN;4,73;3,2;2,58;2,1
FPA;6;ALMEGLIO FONDO PENSIONE APERTO ALLEANZA A CONTRIBUZIONE DEFINITA;ALLEANZA ASSICURAZIONI S.P.A.;BILANCIATO;GAR;4,38;2,84;2,22;1,74
FPA;6;ALMEGLIO FONDO PENSIONE APERTO ALLEANZA A CONTRIBUZIONE DEFINITA;ALLEANZA ASSICURAZIONI S.P.A.;OBBLIGAZIONARIO;GAR;4,02;2,48;1,86;1,38
FPA;7;FONDO PENSIONE FIDEURAM - FONDO PENSIONE APERTO;FIDEURAM VITA S.P.A.;CRESCITA;AZN;3,9;2,54;2,22;2,05
FPA;7;FONDO PENSIONE FIDEURAM - FONDO PENSIONE APERTO;FIDEURAM VITA S.P.A.;EQUILIBRIO;BIL;3,41;2,04;1,72;1,55
FPA;7;FONDO PENSIONE FIDEURAM - FONDO PENSIONE APERTO;FIDEURAM VITA S.P.A.;GARANZIA;GAR;2,91;1,54;1,22;1,05
FPA;7;FONDO PENSIONE FIDEURAM - FONDO PENSIONE APERTO;FIDEURAM VITA S.P.A.;SICUREZZA;OBB;3,21;1,84;1,52;1,35
FPA;7;FONDO PENSIONE FIDEURAM - FONDO PENSIONE APERTO;FIDEURAM VITA S.P.A.;VALORE;AZN;3,9;2,54;2,22;2,05
FPA;7;FONDO PENSIONE FIDEURAM - FONDO PENSIONE APERTO;FIDEURAM VITA S.P.A.;MILLENIALS;AZN;3,7;2,34;2,02;1,85
FPA;8;GENERALI GLOBAL - FONDO PENSIONE APERTO A CONTRIBUZIONE DEFINITA;GENERALI ITALIA S.P.A.;AZIONARIO GLOBALE;AZN;3,06;2,02;1,76;1,6
FPA;8;GENERALI GLOBAL - FONDO PENSIONE APERTO A CONTRIBUZIONE DEFINITA;GENERALI ITALIA S.P.A.;MULTIASSET;BIL;2,85;1,81;1,55;1,4
FPA;8;GENERALI GLOBAL - FONDO PENSIONE APERTO A CONTRIBUZIONE DEFINITA;GENERALI ITALIA S.P.A.;OBBLIGAZIONARIO;OBB;2,44;1,4;1,13;0,98
FPA;8;GENERALI GLOBAL - FONDO PENSIONE APERTO A CONTRIBUZIONE DEFINITA;GENERALI ITALIA S.P.A.;OBBLIGAZIONARIO BREVE TERMINE;OBB;2,39;1,34;1,08;0,93
FPA;8;GENERALI GLOBAL - FONDO PENSIONE APERTO A CONTRIBUZIONE DEFINITA;GENERALI ITALIA S.P.A.;REAL RETURN;OBB;2,49;1,45;1,18;1,03
FPA;10;PREVID-SYSTEM - FONDO PENSIONE APERTO;INTESA SANPAOLO ASSICURAZIONI S.P.A.;ACCUMULAZIONE BILANCIATA;BIL;1,91;1,34;1,18;1,09
FPA;10;PREVID-SYSTEM - FONDO PENSIONE APERTO;INTESA SANPAOLO ASSICURAZIONI S.P.A.;CRESCITA DINAMICA;OBB;1,76;1,19;1,03;0,94
FPA;10;PREVID-SYSTEM - FONDO PENSIONE APERTO;INTESA SANPAOLO ASSICURAZIONI S.P.A.;CRESCITA PRUDENTE;OBB;1,66;1,09;0,93;0,84
FPA;10;PREVID-SYSTEM - FONDO PENSIONE APERTO;INTESA SANPAOLO ASSICURAZIONI S.P.A.;RIVALUTAZIONE AZIONARIA;AZN;2,21;1,64;1,48;1,39
FPA;10;PREVID-SYSTEM - FONDO PENSIONE APERTO;INTESA SANPAOLO ASSICURAZIONI S.P.A.;TFR+;GAR;1,66;1,09;0,93;0,84
FPA;17;FONDO PENSIONE APERTO TESEO;SOCIETA' REALE MUTUA DI ASSICURAZIONI;BILANCIATA ETICA;BIL;2,01;1,46;1,36;1,32
FPA;17;FONDO PENSIONE APERTO TESEO;SOCIETA' REALE MUTUA DI ASSICURAZIONI;GARANTITA ETICA;GAR;1,37;0,81;0,71;0,67
FPA;17;FONDO PENSIONE APERTO TESEO;SOCIETA' REALE MUTUA DI ASSICURAZIONI;PRUDENZIALE ETICA;OBB;1,71;1,16;1,06;1,02
FPA;17;FONDO PENSIONE APERTO TESEO;SOCIETA' REALE MUTUA DI ASSICURAZIONI;SVILUPPO ETICA;AZN;2,21;1,66;1,56;1,52
FPA;18;CREDEMPREVIDENZA FONDO PENSIONE APERTO;CREDEMVITA S.P.A.;AZIONARIO;AZN;2,67;1,91;1,71;1,6
FPA;18;CREDEMPREVIDENZA FONDO PENSIONE APERTO;CREDEMVITA S.P.A.;BILANCIATO;BIL;2,37;1,6;1,4;1,28
FPA;18;CREDEMPREVIDENZA FONDO PENSIONE APERTO;CREDEMVITA S.P.A.;FLESSIBILE;OBB;2,16;1,39;1,19;1,08
FPA;18;CREDEMPREVIDENZA FONDO PENSIONE APERTO;CREDEMVITA S.P.A.;OBBLIGAZIONARIO GARANTITO;GAR;2,26;1,5;1,3;1,18
FPA;22;FONDO PENSIONE APERTO  VITTORIA FORMULA LAVORO;VITTORIA ASSICURAZIONI S.P.A.;PREVIDENZA BILANCIATO INTERNAZIONALE;BIL;2,99;1,59;1,24;1,05
FPA;22;FONDO PENSIONE APERTO  VITTORIA FORMULA LAVORO;VITTORIA ASSICURAZIONI S.P.A.;PREVIDENZA CAPITALIZZATA;AZN;3,66;2,27;1,92;1,73
FPA;22;FONDO PENSIONE APERTO  VITTORIA FORMULA LAVORO;VITTORIA ASSICURAZIONI S.P.A.;PREVIDENZA EQUILIBRATA;BIL;3,31;1,91;1,56;1,37
FPA;22;FONDO PENSIONE APERTO  VITTORIA FORMULA LAVORO;VITTORIA ASSICURAZIONI S.P.A.;PREVIDENZA GARANTITA;GAR;2,99;1,59;1,24;1,05
FPA;26;ARCA PREVIDENZA FONDO PENSIONE APERTO;ARCA FONDI SGR S.P.A.;ALTA CRESCITA SOSTENIBILE;BIL;2,82;1,81;1,61;1,52
FPA;26;ARCA PREVIDENZA FONDO PENSIONE APERTO;ARCA FONDI SGR S.P.A.;CRESCITA SOSTENIBILE;BIL;2,64;1,63;1,42;1,33
FPA;26;ARCA PREVIDENZA FONDO PENSIONE APERTO;ARCA FONDI SGR S.P.A.;OBIETTIVO TFR;GAR;2,64;1,63;1,42;1,33
FPA;26;ARCA PREVIDENZA FONDO PENSIONE APERTO;ARCA FONDI SGR S.P.A.;RENDITA SOSTENIBILE;BIL;2,58;1,56;1,36;1,27
FPA;30;FONDO PENSIONE APERTO UNIPOL PREVIDENZA FPA;UNIPOL ASSICURAZIONI S.P.A.;AZIONARIO;AZN;3,04;2,14;1,89;1,72
FPA;30;FONDO PENSIONE APERTO UNIPOL PREVIDENZA FPA;UNIPOL ASSICURAZIONI S.P.A.;BILANCIATO DINAMICO;BIL;2,73;1,83;1,57;1,41
FPA;30;FONDO PENSIONE APERTO UNIPOL PREVIDENZA FPA;UNIPOL ASSICURAZIONI S.P.A.;BILANCIATO EQUILIBRATO;BIL;2,52;1,63;1,37;1,2
FPA;30;FONDO PENSIONE APERTO UNIPOL PREVIDENZA FPA;UNIPOL ASSICURAZIONI S.P.A.;BILANCIATO ETICO;OBB;2,32;1,42;1,16;0,99
FPA;30;FONDO PENSIONE APERTO UNIPOL PREVIDENZA FPA;UNIPOL ASSICURAZIONI S.P.A.;BILANCIATO PRUDENTE;OBB;2,52;1,63;1,37;1,2
FPA;30;FONDO PENSIONE APERTO UNIPOL PREVIDENZA FPA;UNIPOL ASSICURAZIONI S.P.A.;OBBLIGAZIONARIO;OBB;2,32;1,42;1,16;0,99
FPA;30;FONDO PENSIONE APERTO UNIPOL PREVIDENZA FPA;UNIPOL ASSICURAZIONI S.P.A.;GARANTITO FLEX;GAR;2,17;1,26;1;0,83
FPA;31;FONDO PENSIONE APERTO  VERA VITA;VERA VITA S.P.A.;POPOLARE-BOND;GAR;2,07;1,34;1,2;1,15
FPA;31;FONDO PENSIONE APERTO  VERA VITA;VERA VITA S.P.A.;POPOLARE-GEST;GAR;2,12;1,39;1,25;1,2
FPA;31;FONDO PENSIONE APERTO  VERA VITA;VERA VITA S.P.A.;POPOLARE-MIX;BIL;2,16;1,44;1,3;1,25
FPA;33;UNICREDIT - FONDO PENSIONE APERTO A CONTRIBUZIONE DEFINITA;UNICREDIT VITA ASSICURAZIONI S.P.A.;DINAMICA - AZIONARIA INTERNAZIONALE;AZN;2,95;1,87;1,67;1,6
FPA;33;UNICREDIT - FONDO PENSIONE APERTO A CONTRIBUZIONE DEFINITA;UNICREDIT VITA ASSICURAZIONI S.P.A.;SERENA - BILANCIATA;BIL;2,75;1,67;1,47;1,4
FPA;33;UNICREDIT - FONDO PENSIONE APERTO A CONTRIBUZIONE DEFINITA;UNICREDIT VITA ASSICURAZIONI S.P.A.;SICURA - OBBLIGAZIONARIA CON GARANZIA DI RENDIMENTO MINIMO;GAR;2,45;1,37;1,17;1,1
FPA;33;UNICREDIT - FONDO PENSIONE APERTO A CONTRIBUZIONE DEFINITA;UNICREDIT VITA ASSICURAZIONI S.P.A.;TRANQUILLA - OBBLIGAZIONARIA MISTA CON GARANZIA DI RESTITUZIONE DEL CAPITALE;GAR;2,6;1,52;1,32;1,25
FPA;34;FONDO PENSIONE APERTO PREVIGEST FUND MEDIOLANUM;MEDIOLANUM GESTIONE FONDI SGR P.A.;AZIONARIO;AZN;2,54;2,27;2,14;2,04
FPA;34;FONDO PENSIONE APERTO PREVIGEST FUND MEDIOLANUM;MEDIOLANUM GESTIONE FONDI SGR P.A.;BILANCIATO;BIL;2,28;2,01;1,89;1,78
FPA;34;FONDO PENSIONE APERTO PREVIGEST FUND MEDIOLANUM;MEDIOLANUM GESTIONE FONDI SGR P.A.;OBBLIGAZIONARIO;OBB;2,04;1,77;1,65;1,54
FPA;37;FONDO PENSIONE APERTO ZURICH CONTRIBUTION;ZURICH INVESTMENTS LIFE S.P.A.;CONSERVATIVA;OBB;2,35;1,23;1,02;0,95
FPA;37;FONDO PENSIONE APERTO ZURICH CONTRIBUTION;ZURICH INVESTMENTS LIFE S.P.A.;DINAMICA;AZN;2,45;1,33;1,12;1,05
FPA;37;FONDO PENSIONE APERTO ZURICH CONTRIBUTION;ZURICH INVESTMENTS LIFE S.P.A.;GARANTITA;GAR;2,3;1,18;0,97;0,9
FPA;39;ZED OMNIFUND - FONDO PENSIONE APERTO;ZURICH INVESTMENTS LIFE S.P.A.;AZIONARIA;AZN;3,96;2,83;2,51;2,31
FPA;39;ZED OMNIFUND - FONDO PENSIONE APERTO;ZURICH INVESTMENTS LIFE S.P.A.;BILANCIATA 30;BIL;3,14;1,99;1,67;1,46
FPA;39;ZED OMNIFUND - FONDO PENSIONE APERTO;ZURICH INVESTMENTS LIFE S.P.A.;BILANCIATA 65;AZN;3,55;2,41;2,09;1,89
FPA;39;ZED OMNIFUND - FONDO PENSIONE APERTO;ZURICH INVESTMENTS LIFE S.P.A.;GARANTITA;GAR;3,55;2,41;2,09;1,89
FPA;39;ZED OMNIFUND - FONDO PENSIONE APERTO;ZURICH INVESTMENTS LIFE S.P.A.;OBBLIGAZIONARIA;OBB;2,66;1,51;1,19;0,98
FPA;40;PLURIFONDS IL FONDO PENSIONE DI ITAS VITA;ITAS VITA S.P.A.;ACTIVITAS;AZN;2,34;1,84;1,69;1,59
FPA;40;PLURIFONDS IL FONDO PENSIONE DI ITAS VITA;ITAS VITA S.P.A.;AEQUITAS;BIL;2,01;1,44;1,26;1,13
FPA;40;PLURIFONDS IL FONDO PENSIONE DI ITAS VITA;ITAS VITA S.P.A.;SECURITAS;GAR;1,82;1,32;1,17;1,07
FPA;40;PLURIFONDS IL FONDO PENSIONE DI ITAS VITA;ITAS VITA S.P.A.;SERENITAS;OBB;1,62;1,12;0,96;0,86
FPA;40;PLURIFONDS IL FONDO PENSIONE DI ITAS VITA;ITAS VITA S.P.A.;SOLIDITAS;BIL;1,98;1,48;1,33;1,23
FPA;50;EURORISPARMIO PREVIDENZA COMPLEMENTARE FONDO PENSIONE APERTO;SELLA SGR S.P.A.;AZIONARIO EUROPA;AZN;2,28;1,74;1,57;1,45
FPA;50;EURORISPARMIO PREVIDENZA COMPLEMENTARE FONDO PENSIONE APERTO;SELLA SGR S.P.A.;AZIONARIO INTERNAZIONALE;AZN;2,28;1,74;1,57;1,45
FPA;50;EURORISPARMIO PREVIDENZA COMPLEMENTARE FONDO PENSIONE APERTO;SELLA SGR S.P.A.;BILANCIATO;BIL;2,08;1,54;1,37;1,25
FPA;50;EURORISPARMIO PREVIDENZA COMPLEMENTARE FONDO PENSIONE APERTO;SELLA SGR S.P.A.;OBBLIGAZIONARIO;OBB;1,68;1,14;0,97;0,85
FPA;50;EURORISPARMIO PREVIDENZA COMPLEMENTARE FONDO PENSIONE APERTO;SELLA SGR S.P.A.;OBBLIGAZIONARIO GARANTITO;GAR;1,48;0,94;0,77;0,65
FPA;57;FONDO PENSIONE APERTO CREDIT AGRICOLE VITA;CREDIT AGRICOLE VITA S.P.A.;LINEA DINAMICA;AZN;2,66;1,85;1,63;1,5
FPA;57;FONDO PENSIONE APERTO CREDIT AGRICOLE VITA;CREDIT AGRICOLE VITA S.P.A.;LINEA GARANTITA;GAR;2,4;1,59;1,37;1,24
FPA;57;FONDO PENSIONE APERTO CREDIT AGRICOLE VITA;CREDIT AGRICOLE VITA S.P.A.;LINEA MODERATA;BIL;2,45;1,64;1,42;1,29
FPN;61;FONDO PENSIONE COMETA;;CRESCITA;BIL;0,62;0,29;0,18;0,11
FPN;61;FONDO PENSIONE COMETA;;MONETARIO PLUS;OBB;0,57;0,24;0,13;0,06
FPN;61;FONDO PENSIONE COMETA;;REDDITO;BIL;0,6;0,27;0,16;0,09
FPN;61;FONDO PENSIONE COMETA;;SICUREZZA 2020;GAR;1,18;0,85;0,74;0,67
FPN;61;FONDO PENSIONE COMETA;;TFR SILENTE;GAR;1,26;0,93;0,82;0,75
FPA;63;ARTI E MESTIERI FONDO PENSIONE APERTO;ANIMA SGR S.P.A.;CONSERVAZIONE 3+;OBB;1,99;1,21;1,03;0,93
FPA;63;ARTI E MESTIERI FONDO PENSIONE APERTO;ANIMA SGR S.P.A.;CRESCITA 25+;AZN;2,68;1,91;1,73;1,63
FPA;63;ARTI E MESTIERI FONDO PENSIONE APERTO;ANIMA SGR S.P.A.;EQUILIBRIO 5+;BIL;2,19;1,41;1,23;1,13
FPA;63;ARTI E MESTIERI FONDO PENSIONE APERTO;ANIMA SGR S.P.A.;GARANZIA 1+;GAR;1,69;0,91;0,73;0,63
FPA;63;ARTI E MESTIERI FONDO PENSIONE APERTO;ANIMA SGR S.P.A.;INCREMENTO E GARANZIA 5+;GAR;1,79;1,01;0,83;0,73
FPA;63;ARTI E MESTIERI FONDO PENSIONE APERTO;ANIMA SGR S.P.A.;RIVALUTAZIONE 10+;BIL;2,49;1,71;1,53;1,43
FPA;65;SECONDAPENSIONE FONDO PENSIONE APERTO;AMUNDI SGR .S.P.A;BILANCIATA ESG;BIL;1,09;0,88;0,78;0,71
FPA;65;SECONDAPENSIONE FONDO PENSIONE APERTO;AMUNDI SGR .S.P.A;ESPANSIONE ESG;AZN;1,24;1,03;0,94;0,86
FPA;65;SECONDAPENSIONE FONDO PENSIONE APERTO;AMUNDI SGR .S.P.A;GARANTITA ESG;GAR;1,14;0,93;0,84;0,76
FPA;65;SECONDAPENSIONE FONDO PENSIONE APERTO;AMUNDI SGR .S.P.A;PRUDENTE ESG;OBB;1,03;0,83;0,73;0,65
FPA;65;SECONDAPENSIONE FONDO PENSIONE APERTO;AMUNDI SGR .S.P.A;SVILUPPO ESG;BIL;1,14;0,93;0,84;0,76
FPA;70;FONDO PENSIONE APERTO GIUSTINIANO;INTESA SANPAOLO ASSICURAZIONI S.P.A.;AZIONARIA;AZN;2,33;1,72;1,54;1,42
FPA;70;FONDO PENSIONE APERTO GIUSTINIANO;INTESA SANPAOLO ASSICURAZIONI S.P.A.;BILANCIATA;BIL;2,03;1,42;1,24;1,12
FPA;70;FONDO PENSIONE APERTO GIUSTINIANO;INTESA SANPAOLO ASSICURAZIONI S.P.A.;MONETARIA;OBB;1,55;0,94;0,76;0,64
FPA;70;FONDO PENSIONE APERTO GIUSTINIANO;INTESA SANPAOLO ASSICURAZIONI S.P.A.;OBBLIGAZIONARIA;OBB;1,64;1,03;0,85;0,73
FPA;70;FONDO PENSIONE APERTO GIUSTINIANO;INTESA SANPAOLO ASSICURAZIONI S.P.A.;TFR+;GAR;1,64;1,03;0,85;0,73
FPN;77;FONDOSANITA';;ESPANSIONE;AZN;2,97;1,28;0,75;0,38
FPN;77;FONDOSANITA';;PROGRESSIONE;BIL;2,95;1,26;0,73;0,36
FPN;77;FONDOSANITA';;SCUDO;OBB;2,93;1,24;0,71;0,34
FPA;78;PROGRAMMA OPEN FONDO PENSIONE APERTO;GROUPAMA ASSICURAZIONI S.P.A.;BILANCIATO ETICO;BIL;3,46;1,96;1,58;1,36
FPA;78;PROGRAMMA OPEN FONDO PENSIONE APERTO;GROUPAMA ASSICURAZIONI S.P.A.;NUOVO OBBLIGAZIONARIO ETICO;GAR;3,26;1,76;1,38;1,16
FPA;78;PROGRAMMA OPEN FONDO PENSIONE APERTO;GROUPAMA ASSICURAZIONI S.P.A.;PREVALENTEMENTE AZIONARIO ETICO;AZN;3,66;2,17;1,78;1,56
FPA;84;FONDO PENSIONE APERTO IL MIO DOMANI;INTESA SANPAOLO ASSICURAZIONI S.P.A.;LINEA BREVE TERMINE;OBB;2,94;1,71;1,3;1,01
FPA;84;FONDO PENSIONE APERTO IL MIO DOMANI;INTESA SANPAOLO ASSICURAZIONI S.P.A.;LINEA BREVE TERMINE ESG;OBB;2,94;1,71;1,3;1,01
FPA;84;FONDO PENSIONE APERTO IL MIO DOMANI;INTESA SANPAOLO ASSICURAZIONI S.P.A.;LINEA LUNGO TERMINE;BIL;3,44;2,21;1,8;1,51
FPA;84;FONDO PENSIONE APERTO IL MIO DOMANI;INTESA SANPAOLO ASSICURAZIONI S.P.A.;LINEA LUNGO TERMINE ESG;AZN;3,44;2,21;1,8;1,51
FPA;84;FONDO PENSIONE APERTO IL MIO DOMANI;INTESA SANPAOLO ASSICURAZIONI S.P.A.;LINEA MEDIO TERMINE;BIL;3,24;2,01;1,6;1,31
FPA;84;FONDO PENSIONE APERTO IL MIO DOMANI;INTESA SANPAOLO ASSICURAZIONI S.P.A.;LINEA MEDIO TERMINE ESG;BIL;3,24;2,01;1,6;1,31
FPA;84;FONDO PENSIONE APERTO IL MIO DOMANI;INTESA SANPAOLO ASSICURAZIONI S.P.A.;LINEA TFR;GAR;3,04;1,81;1,4;1,11
FPN;88;FONDO PENSIONE PREVIAMBIENTE;;BILANCIATO;OBB;1,22;0,66;0,48;0,36
FPN;88;FONDO PENSIONE PREVIAMBIENTE;;GARANTITO;GAR;1,5;0,94;0,76;0,64
FPN;88;FONDO PENSIONE PREVIAMBIENTE;;AZIONARIO;AZN;1,45;0,89;0,71;0,59
FPN;89;FONDO PENSIONE ALIFOND;;BILANCIATO;BIL;0,87;0,53;0,38;0,25
FPN;89;FONDO PENSIONE ALIFOND;;DINAMICO;AZN;0,8;0,46;0,31;0,18
FPN;89;FONDO PENSIONE ALIFOND;;GARANTITO;GAR;1,2;0,87;0,71;0,59
FPA;92;AZIMUT PREVIDENZA - FONDO PENSIONE APERTO;AZIMUT CAPITAL MANAGEMENT SGR S.P.A.;CRESCITA;AZN;3,49;2,43;2,13;1,93
FPA;92;AZIMUT PREVIDENZA - FONDO PENSIONE APERTO;AZIMUT CAPITAL MANAGEMENT SGR S.P.A.;EQUILIBRATO;BIL;3,18;2,12;1,82;1,62
FPA;92;AZIMUT PREVIDENZA - FONDO PENSIONE APERTO;AZIMUT CAPITAL MANAGEMENT SGR S.P.A.;OBBLIGAZIONARIO;OBB;2,66;1,6;1,3;1,1
FPN;93;FONDO PENSIONE LABORFONDS;;LINEA BILANCIATA;BIL;0,58;0,41;0,34;0,28
FPN;93;FONDO PENSIONE LABORFONDS;;LINEA DINAMICA;AZN;0,53;0,36;0,29;0,23
FPN;93;FONDO PENSIONE LABORFONDS;;LINEA GARANTITA;GAR;0,82;0,65;0,58;0,52
FPN;93;FONDO PENSIONE LABORFONDS;;LINEA PRUDENTE - ETICA;OBB;0,46;0,29;0,22;0,17
FPN;99;FONDO PENSIONE FOPEN;;BILANCIATO AZIONARIO;AZN;0,95;0,67;0,56;0,48
FPN;99;FONDO PENSIONE FOPEN;;BILANCIATO OBBLIGAZIONARIO;OBB;0,89;0,62;0,51;0,43
FPN;99;FONDO PENSIONE FOPEN;;OBBLIGAZIONARIO GARANTITO;GAR;1,05;0,78;0,67;0,58
FPN;100;FONDO PENSIONE PEGASO;;BILANCIATO;BIL;1,07;0,73;0,6;0,49
FPN;100;FONDO PENSIONE PEGASO;;GARANTITO;GAR;1,22;0,88;0,75;0,64
FPN;100;FONDO PENSIONE PEGASO;;CRESCITA;AZN;0,97;0,64;0,5;0,39
FPN;103;FONDO PENSIONE TELEMACO;;BILANCIATO (YELLOW);BIL;0,92;0,59;0,45;0,34
FPN;103;FONDO PENSIONE TELEMACO;;GARANTITO  (WHITE);GAR;0,97;0,64;0,5;0,39
FPN;103;FONDO PENSIONE TELEMACO;;PRUDENTE (GREEN);OBB;0,82;0,49;0,36;0,25
FPN;106;FONDO PENSIONE ARCO;;BILANCIATO DINAMICO;BIL;1,25;0,58;0,37;0,22
FPN;106;FONDO PENSIONE ARCO;;BILANCIATO PRUDENTE;BIL;1,27;0,6;0,39;0,24
FPN;106;FONDO PENSIONE ARCO;;GARANTITO;GAR;1,31;0,64;0,43;0,29
FPN;107;FONDO PENSIONE FONCER;;BILANCIATO;BIL;1,34;0,77;0,55;0,38
FPN;107;FONDO PENSIONE FONCER;;DINAMICO;AZN;1,2;0,63;0,41;0,25
FPN;107;FONDO PENSIONE FONCER;;GARANTITO;GAR;1,72;1,15;0,93;0,77
FPA;111;AZIONE DI PREVIDENZA - FONDO PENSIONE APERTO;HDI ASSICURAZIONI S.P.A.;DINAMICA;AZN;2,81;2,16;1,97;1,84
FPA;111;AZIONE DI PREVIDENZA - FONDO PENSIONE APERTO;HDI ASSICURAZIONI S.P.A.;EQUILIBRATA;BIL;2,41;1,76;1,57;1,44
FPA;111;AZIONE DI PREVIDENZA - FONDO PENSIONE APERTO;HDI ASSICURAZIONI S.P.A.;GARANTITA;GAR;1,71;1,06;0,86;0,74
FPA;111;AZIONE DI PREVIDENZA - FONDO PENSIONE APERTO;HDI ASSICURAZIONI S.P.A.;PRUDENTE;OBB;2,01;1,36;1,17;1,04
FPA;115;FONDO PENSIONE APERTO CNP;CNP VITA ASSICURA S.P.A.;AZIONARIO;AZN;1,88;1,54;1,38;1,25
FPA;115;FONDO PENSIONE APERTO CNP;CNP VITA ASSICURA S.P.A.;BILANCIATO;BIL;1,68;1,34;1,18;1,05
FPA;115;FONDO PENSIONE APERTO CNP;CNP VITA ASSICURA S.P.A.;GARANZIA DI RENDIMENTO MIN.;GAR;1,98;1,64;1,48;1,35
FPA;115;FONDO PENSIONE APERTO CNP;CNP VITA ASSICURA S.P.A.;GARANZIA RESTITUZIONE CAPITALE;GAR;1,78;1,44;1,28;1,15
FPA;115;FONDO PENSIONE APERTO CNP;CNP VITA ASSICURA S.P.A.;OBBLIGAZIONARIO;OBB;1,59;1,24;1,08;0,95
FPN;116;FONDO PENSIONE FONDAPI;;CRESCITA;BIL;0,87;0,51;0,36;0,24
FPN;116;FONDO PENSIONE FONDAPI;;GARANZIA;GAR;1,2;0,84;0,69;0,57
FPN;116;FONDO PENSIONE FONDAPI;;PRUDENTE;OBB;0,85;0,49;0,33;0,21
FPN;117;FONDO PENSIONE PREVIMODA;;GARANTITO;GAR;1,37;1,01;0,86;0,74
FPN;117;FONDO PENSIONE PREVIMODA;;RUBINO AZIONARIO;AZN;0,95;0,58;0,43;0,31
FPN;117;FONDO PENSIONE PREVIMODA;;SMERALDO BILANCIATO;BIL;0,93;0,56;0,41;0,29
FPA;118;INSIEME - FONDO PENSIONE APERTO A CONTRIBUZIONE DEFINITA;ALLIANZ S.P.A.;LINEA AZIONARIA;AZN;2,2;1,09;0,88;0,81
FPA;118;INSIEME - FONDO PENSIONE APERTO A CONTRIBUZIONE DEFINITA;ALLIANZ S.P.A.;LINEA BILANCIATA;AZN;2,15;1,04;0,83;0,76
FPA;118;INSIEME - FONDO PENSIONE APERTO A CONTRIBUZIONE DEFINITA;ALLIANZ S.P.A.;LINEA FLESSIBILE;GAR;2;0,89;0,68;0,61
FPA;118;INSIEME - FONDO PENSIONE APERTO A CONTRIBUZIONE DEFINITA;ALLIANZ S.P.A.;LINEA MULTIASSET;BIL;3,03;1,5;1,1;0,87
FPA;118;INSIEME - FONDO PENSIONE APERTO A CONTRIBUZIONE DEFINITA;ALLIANZ S.P.A.;LINEA OBBLIGAZIONARIA;OBB;2,1;0,99;0,78;0,71
FPA;118;INSIEME - FONDO PENSIONE APERTO A CONTRIBUZIONE DEFINITA;ALLIANZ S.P.A.;LINEA OBBLIGAZIONARIA BREVE TERMINE;OBB;1,95;0,84;0,63;0,56
FPA;118;INSIEME - FONDO PENSIONE APERTO A CONTRIBUZIONE DEFINITA;ALLIANZ S.P.A.;LINEA OBBLIGAZIONARIA LUNGO TERMINE;OBB;2,1;0,99;0,78;0,71
FPA;120;FONDO PENSIONE APERTO BIM VITA;BIM VITA S.P.A.;BILANCIATA  GLOBALE;BIL;2,25;1,71;1,6;1,56
FPA;120;FONDO PENSIONE APERTO BIM VITA;BIM VITA S.P.A.;BOND;OBB;1,73;1,18;1,08;1,04
FPA;120;FONDO PENSIONE APERTO BIM VITA;BIM VITA S.P.A.;EQUILIBRIO;GAR;2,15;1,6;1,5;1,46
FPA;120;FONDO PENSIONE APERTO BIM VITA;BIM VITA S.P.A.;EQUITY;AZN;2,56;2,02;1,91;1,87
FPN;122;FONDO PENSIONE CONCRETO;;BILANCIATO;OBB;1,03;0,61;0,42;0,26
FPN;122;FONDO PENSIONE CONCRETO;;GARANTITO;GAR;1,22;0,8;0,61;0,46
FPN;123;FONDO PENSIONE FON.TE.;;CONSERVATIVO;GAR;1,9;1,24;1,03;0,9
FPN;123;FONDO PENSIONE FON.TE.;;CRESCITA;BIL;1,23;0,57;0,36;0,23
FPN;123;FONDO PENSIONE FON.TE.;;DINAMICO;AZN;1,24;0,57;0,36;0,23
FPN;123;FONDO PENSIONE FON.TE.;;SVILUPPO;OBB;1,27;0,6;0,4;0,27
FPN;124;FONDO PENSIONE BYBLOS;;BILANCIATO;BIL;1,28;0,7;0,51;0,37
FPN;124;FONDO PENSIONE BYBLOS;;DINAMICO;AZN;1,16;0,57;0,38;0,25
FPN;124;FONDO PENSIONE BYBLOS;;GARANTITO;GAR;1,53;0,95;0,76;0,62
FPN;125;FONDO PENSIONE FONDO GOMMA PLASTICA;;BILANCIATO;BIL;1,18;0,62;0,43;0,3
FPN;125;FONDO PENSIONE FONDO GOMMA PLASTICA;;CONSERVATIVO CON GARANZIA;GAR;1,58;1,02;0,84;0,71
FPN;125;FONDO PENSIONE FONDO GOMMA PLASTICA;;DINAMICO;AZN;1,06;0,5;0,31;0,18
FPN;126;FONDO PENSIONE MEDIAFOND;;COMPARTO AZIONARIO;AZN;0,85;0,51;0,36;0,23
FPN;126;FONDO PENSIONE MEDIAFOND;;COMPARTO GARANTITO;GAR;1,06;0,72;0,57;0,44
FPN;126;FONDO PENSIONE MEDIAFOND;;COMPARTO OBBLIGAZIONARIO;OBB;0,8;0,46;0,31;0,18
FPN;127;PREVAER - FONDO PENSIONE;;LINEA CRESCITA;BIL;1,08;0,58;0,4;0,27
FPN;127;PREVAER - FONDO PENSIONE;;LINEA DINAMICA;BIL;1,08;0,58;0,4;0,27
FPN;127;PREVAER - FONDO PENSIONE;;LINEA GARANTITA;GAR;1,4;0,91;0,72;0,59
FPN;127;PREVAER - FONDO PENSIONE;;LINEA PRUDENTE;OBB;1,07;0,57;0,39;0,25
FPN;129;FONDO PENSIONE EUROFER;;BILANCIATO;BIL;0,8;0,4;0,29;0,22
FPN;129;FONDO PENSIONE EUROFER;;DINAMICO;AZN;0,74;0,34;0,23;0,16
FPN;129;FONDO PENSIONE EUROFER;;GARANTITO;GAR;1,17;0,78;0,67;0,59
FPN;136;FONDO PENSIONE PREVEDI;;BILANCIATO;BIL;0,42;0,27;0,21;0,17
FPN;136;FONDO PENSIONE PREVEDI;;SICUREZZA;GAR;0,48;0,33;0,27;0,23
FPN;139;FONDO PENSIONE PRIAMO;;BILANCIATO PRUDENZA;OBB;1,4;0,56;0,34;0,21
FPN;139;FONDO PENSIONE PRIAMO;;BILANCIATO SVILUPPO;BIL;1,4;0,56;0,34;0,21
FPN;139;FONDO PENSIONE PRIAMO;;GARANTITO PROTEZIONE;GAR;1,73;0,89;0,67;0,55
FPN;143;FONDO PENSIONE FONDOPOSTE;;BILANCIATO;BIL;0,43;0,34;0,3;0,27
FPN;143;FONDO PENSIONE FONDOPOSTE;;GARANTITO;GAR;0,53;0,45;0,41;0,38
FPN;143;FONDO PENSIONE FONDOPOSTE;;AZIONARIO;AZN;0,38;0,3;0,26;0,23
FPN;143;FONDO PENSIONE FONDOPOSTE;;MONETARIO;OBB;0,38;0,3;0,26;0,23
FPN;145;FONDO PENSIONE FONDO SCUOLA ESPERO;;CRESCITA;BIL;0,8;0,44;0,31;0,2
FPN;145;FONDO PENSIONE FONDO SCUOLA ESPERO;;GARANZIA;GAR;0,96;0,61;0,47;0,37
FPN;145;FONDO PENSIONE FONDO SCUOLA ESPERO;;DINAMICO;AZN;0,82;0,46;0,33;0,22
FPA;147;FONDO PENSIONE APERTO PENSPLAN PROFI;EUREGIO PLUS SGR S.P.A.;ETHICAL LIFE BALANCED GROWTH;OBB;2,14;1,42;1,21;1,08
FPA;147;FONDO PENSIONE APERTO PENSPLAN PROFI;EUREGIO PLUS SGR S.P.A.;ETHICAL LIFE CONSERVATIVE;OBB;1,93;1,21;1,01;0,87
FPA;147;FONDO PENSIONE APERTO PENSPLAN PROFI;EUREGIO PLUS SGR S.P.A.;ETHICAL LIFE GROWTH;BIL;2,24;1,52;1,32;1,19
FPA;147;FONDO PENSIONE APERTO PENSPLAN PROFI;EUREGIO PLUS SGR S.P.A.;ETHICAL LIFE HIGH GROWTH;AZN;2,5;1,78;1,58;1,45
FPA;147;FONDO PENSIONE APERTO PENSPLAN PROFI;EUREGIO PLUS SGR S.P.A.;ETHICAL LIFE SHORT TERM;OBB;1,83;1,11;0,9;0,77
FPN;148;ASTRI - FONDO PENSIONE;;BILANCIATO;BIL;0,84;0,42;0,28;0,17
FPN;148;ASTRI - FONDO PENSIONE;;GARANTITO;GAR;1,2;0,79;0,64;0,54
FPA;149;RAIFFEISEN FONDO PENSIONE APERTO;CASSA CENTRALE RAIFFEISEN DELL’ALTO ADIGE S.P.A.;ACTIVITY;BIL;2,13;1,46;1,3;1,22
FPA;149;RAIFFEISEN FONDO PENSIONE APERTO;CASSA CENTRALE RAIFFEISEN DELL’ALTO ADIGE S.P.A.;DYNAMIC;BIL;2,33;1,66;1,51;1,42
FPA;149;RAIFFEISEN FONDO PENSIONE APERTO;CASSA CENTRALE RAIFFEISEN DELL’ALTO ADIGE S.P.A.;GUARANTY;GAR;2,07;1,4;1,25;1,16
FPA;149;RAIFFEISEN FONDO PENSIONE APERTO;CASSA CENTRALE RAIFFEISEN DELL’ALTO ADIGE S.P.A.;SAFE;OBB;1,92;1,25;1,09;1,01
FPA;150;FONDO PENSIONE APERTO IL MELOGRANO;ASSIMOCO VITA S.P.A.;DINAMICA;AZN;2,41;1,7;1,53;1,43
FPA;150;FONDO PENSIONE APERTO IL MELOGRANO;ASSIMOCO VITA S.P.A.;EQUILIBRATA;BIL;2,12;1,4;1,23;1,13
FPA;150;FONDO PENSIONE APERTO IL MELOGRANO;ASSIMOCO VITA S.P.A.;GARANTITA;GAR;2,22;1,5;1,33;1,23
FPA;150;FONDO PENSIONE APERTO IL MELOGRANO;ASSIMOCO VITA S.P.A.;PRUDENTE;OBB;1,82;1,1;0,93;0,83
FPA;153;FONDO PENSIONE APERTO UBI PREVIDENZA;INTESA SANPAOLO ASSICURAZIONI S.P.A.;AGGRESSIVO;BIL;2,23;1,71;1,58;1,51
FPA;153;FONDO PENSIONE APERTO UBI PREVIDENZA;INTESA SANPAOLO ASSICURAZIONI S.P.A.;CAPITALE SICURO;GAR;1,46;0,93;0,81;0,73
FPA;153;FONDO PENSIONE APERTO UBI PREVIDENZA;INTESA SANPAOLO ASSICURAZIONI S.P.A.;DINAMICO;BIL;1,99;1,46;1,33;1,26
FPA;153;FONDO PENSIONE APERTO UBI PREVIDENZA;INTESA SANPAOLO ASSICURAZIONI S.P.A.;GARANTITO;GAR;1,77;1,24;1,12;1,04
FPA;153;FONDO PENSIONE APERTO UBI PREVIDENZA;INTESA SANPAOLO ASSICURAZIONI S.P.A.;MODERATO;BIL;1,68;1,15;1,02;0,95
FPA;153;FONDO PENSIONE APERTO UBI PREVIDENZA;INTESA SANPAOLO ASSICURAZIONI S.P.A.;PRUDENTE;OBB;1,49;0,97;0,84;0,77
FPA;155;FONDO PENSIONE APERTO SOLUZIONE PREVIDENTE;HELVETIA VITA S.P.A. - COMPAGNIA ITALO SVIZZERA D'ASSICURAZIONI SULLA VITA;LINEA 1 GARANTITA;GAR;2,06;1,36;1,18;1,07
FPA;155;FONDO PENSIONE APERTO SOLUZIONE PREVIDENTE;HELVETIA VITA S.P.A. - COMPAGNIA ITALO SVIZZERA D'ASSICURAZIONI SULLA VITA;LINEA 2 PRUDENTE;BIL;2,37;1,67;1,49;1,38
FPA;155;FONDO PENSIONE APERTO SOLUZIONE PREVIDENTE;HELVETIA VITA S.P.A. - COMPAGNIA ITALO SVIZZERA D'ASSICURAZIONI SULLA VITA;LINEA 3 EQUILIBRATA;BIL;2,57;1,88;1,7;1,59
FPA;155;FONDO PENSIONE APERTO SOLUZIONE PREVIDENTE;HELVETIA VITA S.P.A. - COMPAGNIA ITALO SVIZZERA D'ASSICURAZIONI SULLA VITA;LINEA 4 DINAMICA;AZN;2,89;2,19;2,01;1,9
FPN;157;FONDO PENSIONE AGRIFONDO;;BILANCIATO;BIL;0,85;0,51;0,36;0,23
FPN;157;FONDO PENSIONE AGRIFONDO;;GARANTITO;GAR;0,94;0,61;0,45;0,33
FPA;160;BAP PENSIONE 2007 FONDO PENSIONE APERTO;INTESA SANPAOLO ASSICURAZIONI S.P.A.;EQUILIBRIO;BIL;2,37;1,72;1,6;1,56
FPA;160;BAP PENSIONE 2007 FONDO PENSIONE APERTO;INTESA SANPAOLO ASSICURAZIONI S.P.A.;INVESTIMENTO;AZN;2,63;1,98;1,86;1,82
FPA;160;BAP PENSIONE 2007 FONDO PENSIONE APERTO;INTESA SANPAOLO ASSICURAZIONI S.P.A.;TFR;GAR;2,06;1,41;1,29;1,25
FPN;164;FONDO PERSEO SIRIO;;GARANTITO;GAR;0,78;0,57;0,47;0,39
FPN;164;FONDO PERSEO SIRIO;;AZIONARIO;AZN;0,64;0,43;0,34;0,26
FPN;164;FONDO PERSEO SIRIO;;OBBLIGAZIONARIO;OBB;0,59;0,38;0,28;0,21
FPA;169;CORE PENSION FONDO PENSIONE APERTO;AMUNDI SGR .S.P.A;AZIONARIO 75% ESG;AZN;1,82;1,44;1,29;1,18
FPA;169;CORE PENSION FONDO PENSIONE APERTO;AMUNDI SGR .S.P.A;AZIONARIO PLUS 90% ESG;AZN;1,98;1,6;1,45;1,34
FPA;169;CORE PENSION FONDO PENSIONE APERTO;AMUNDI SGR .S.P.A;BILANCIATO 50% ESG;BIL;1,67;1,28;1,14;1,03
FPA;169;CORE PENSION FONDO PENSIONE APERTO;AMUNDI SGR .S.P.A;GARANTITO ESG;GAR;1,51;1,13;0,98;0,87
FPA;169;CORE PENSION FONDO PENSIONE APERTO;AMUNDI SGR .S.P.A;OBBLIGAZIONARIO MISTO 25% ESG;OBB;1,51;1,13;0,98;0,87
FPN;170;PREVIDENZA COOPERATIVA;;BILANCIATO;OBB;0,75;0,47;0,38;0,31
FPN;170;PREVIDENZA COOPERATIVA;;DINAMICO;AZN;0,64;0,36;0,27;0,2
FPN;170;PREVIDENZA COOPERATIVA;;SICURO;GAR;1,04;0,76;0,67;0,6
FPA;171;AZIMUT SUSTAINABLE FUTURE -FONDO PENSIONE APERTO;AZIMUT CAPITAL MANAGEMENT SGR S.P.A.;BILANCIATO;BIL;3,18;2,12;1,82;1,62
FPA;171;AZIMUT SUSTAINABLE FUTURE -FONDO PENSIONE APERTO;AZIMUT CAPITAL MANAGEMENT SGR S.P.A.;BILANCIATO ACCRESCITIVO;BIL;3,49;2,43;2,13;1,93
FPA;171;AZIMUT SUSTAINABLE FUTURE -FONDO PENSIONE APERTO;AZIMUT CAPITAL MANAGEMENT SGR S.P.A.;BILANCIATO CONSERVATIVO;BIL;2,66;1,6;1,3;1,1
PIP;5001;CBA PREVIDENZA - PIANO INDIVIDUALE PENSIONISTICO DI TIPO ASSICURATIVO - FONDO PENSIONE;HDI ASSICURAZIONI S.P.A.;CBA APPRODO;GAR;1,94;1,37;1,25;1,21
PIP;5001;CBA PREVIDENZA - PIANO INDIVIDUALE PENSIONISTICO DI TIPO ASSICURATIVO - FONDO PENSIONE;HDI ASSICURAZIONI S.P.A.;CBA ORIZZONTE 30;BIL;2,57;2;1,88;1,84
PIP;5001;CBA PREVIDENZA - PIANO INDIVIDUALE PENSIONISTICO DI TIPO ASSICURATIVO - FONDO PENSIONE;HDI ASSICURAZIONI S.P.A.;CBA ORIZZONTE 60;BIL;2,8;2,23;2,11;2,07
PIP;5002;OUVERTURE 2007 - PIANO INDIVIDUALE PENSIONISTICO DI TIPO ASSICURATIVO - FONDO PENSIONE;INTESA SANPAOLO ASSICURAZIONI S.P.A.;BAP GESTIONE PREVIDENZA;GAR;3,56;2,52;2,05;1,65
PIP;5003;POSTAPREVIDENZA VALORE - PIANO INDIVIDUALE PENSIONISTICO DI TIPO ASSICURATIVO - FONDO PENSIONE;POSTE VITA S.P.A.;POSTA PENSIONE;GAR;2,72;1,85;1,45;1,07
PIP;5003;POSTAPREVIDENZA VALORE - PIANO INDIVIDUALE PENSIONISTICO DI TIPO ASSICURATIVO - FONDO PENSIONE;POSTE VITA S.P.A.;POSTE VITA PREVIDENZA FLESSIBILE;BIL;2,72;1,85;1,45;1,07
PIP;5006;ALLEATA PREVIDENZA - PIANO INDIVIDUALE PENSIONISTICO DI TIPO ASSICURATIVO - FONDO PENSIONE;ALLEANZA ASSICURAZIONI S.P.A.;ALLEATA AZIONARIA;AZN;4,71;3,03;2,44;2,01
PIP;5006;ALLEATA PREVIDENZA - PIANO INDIVIDUALE PENSIONISTICO DI TIPO ASSICURATIVO - FONDO PENSIONE;ALLEANZA ASSICURAZIONI S.P.A.;ALLEATA BILANCIATA;BIL;4,49;2,81;2,22;1,79
PIP;5006;ALLEATA PREVIDENZA - PIANO INDIVIDUALE PENSIONISTICO DI TIPO ASSICURATIVO - FONDO PENSIONE;ALLEANZA ASSICURAZIONI S.P.A.;ALLEATA GARANTITA;GAR;4,16;2,48;1,89;1,45
PIP;5007;PREVIDENZA HDI - PIANO INDIVIDUALE PENSIONISTICO DI TIPO ASSICURATIVO - FONDO PENSIONE;HDI ASSICURAZIONI S.P.A.;HDI FONDO PENSIONE;GAR;3,33;2,07;1,56;1,15
PIP;5008;FUTURO ATTIVO – PIANO INDIVIDUALE PENSIONISTICO DI TIPO ASSICURATIVO – FONDO PENSIONE;GENERTEL S.P.A.;PREVIDENZA CONCRETA;GAR;4,71;3;2,21;1,55
PIP;5010;AXA MPS PREVIDENZA ATTIVA - PIANO INDIVIDUALE PENSIONISTICO DI TIPO ASSICURATIVO - FONDO PENSIONE;AXA MPS ASSICURAZIONI VITA S.P.A.;MPV PREVIDENZA;GAR;3,06;2,24;1,93;1,69
PIP;5010;AXA MPS PREVIDENZA ATTIVA - PIANO INDIVIDUALE PENSIONISTICO DI TIPO ASSICURATIVO - FONDO PENSIONE;AXA MPS ASSICURAZIONI VITA S.P.A.;MPV PREVIDENZA AGGRESSIVO;AZN;3,85;3,04;2,73;2,49
PIP;5010;AXA MPS PREVIDENZA ATTIVA - PIANO INDIVIDUALE PENSIONISTICO DI TIPO ASSICURATIVO - FONDO PENSIONE;AXA MPS ASSICURAZIONI VITA S.P.A.;MPV PREVIDENZA EQUILIBRATO;BIL;3,61;2,79;2,48;2,24
PIP;5011;AXA MPS PREVIDENZA PERSONALE - PIANO INDIVIDUALE PENSIONISTICO DI TIPO ASSICURATIVO - FONDO PENSIONE;AXA MPS ASSICURAZIONI VITA S.P.A.;MPV PREVIDENZA;GAR;3,69;2,55;2,05;1,65
PIP;5011;AXA MPS PREVIDENZA PERSONALE - PIANO INDIVIDUALE PENSIONISTICO DI TIPO ASSICURATIVO - FONDO PENSIONE;AXA MPS ASSICURAZIONI VITA S.P.A.;MPV PREVIDENZA AGGRESSIVO;AZN;4,57;3,45;2,96;2,56
PIP;5011;AXA MPS PREVIDENZA PERSONALE - PIANO INDIVIDUALE PENSIONISTICO DI TIPO ASSICURATIVO - FONDO PENSIONE;AXA MPS ASSICURAZIONI VITA S.P.A.;MPV PREVIDENZA EQUILIBRATO;BIL;4,33;3,2;2,71;2,31
PIP;5012;VIPENSIONO - PIANO INDIVIDUALE PENSIONISTICO DI TIPO ASSICURATIVO - FONDO PENSIONE;GAMALIFE COMPANHIA DE SUGUROS DE VIDA, SA;EUROVIP;AZN;3,84;2,82;2,32;1,93
PIP;5012;VIPENSIONO - PIANO INDIVIDUALE PENSIONISTICO DI TIPO ASSICURATIVO - FONDO PENSIONE;GAMALIFE COMPANHIA DE SUGUROS DE VIDA, SA;FONDO VIP;GAR;4,23;2,86;2,21;1,68
PIP;5019;PROGRAMMA PENSIONE - PIANO INDIVIDUALE PENSIONISTICO DI TIPO ASSICURATIVO - FONDO PENSIONE;ZURICH INVESTMENTS LIFE S.P.A.;ZURICH PENSION ESG AZIONARIO;AZN;4,66;3,64;3,18;2,78
PIP;5019;PROGRAMMA PENSIONE - PIANO INDIVIDUALE PENSIONISTICO DI TIPO ASSICURATIVO - FONDO PENSIONE;ZURICH INVESTMENTS LIFE S.P.A.;ZURICH PENSION ESG FLEX 4;BIL;3,89;2,86;2,39;1,99
PIP;5019;PROGRAMMA PENSIONE - PIANO INDIVIDUALE PENSIONISTICO DI TIPO ASSICURATIVO - FONDO PENSIONE;ZURICH INVESTMENTS LIFE S.P.A.;ZURICH PENSION ESG FLEX 8;BIL;4,34;3,32;2,85;2,46
PIP;5019;PROGRAMMA PENSIONE - PIANO INDIVIDUALE PENSIONISTICO DI TIPO ASSICURATIVO - FONDO PENSIONE;ZURICH INVESTMENTS LIFE S.P.A.;ZURICH PENSION ESG PROTETTO;OBB;3,59;2,56;2,09;1,69
PIP;5023;GROUPAMA PIANO PENSIONISTICO INDIVIDUALE - PIANO INDIVIDUALE PENSIONISTICO DI TIPO ASSICURATIVO - FONDO PENSIONE;GROUPAMA ASSICURAZIONI S.P.A;VALOREPIU' PREVIDENZA;GAR;4,93;3,21;2,46;1,86
PIP;5024;ELIOS PREVIDENZA 2007 - PIANO INDIVIDUALE PENSIONISTICO DI TIPO ASSICURATIVO - FONDO PENSIONE;ALLIANZ S.P.A.;FONDO ARMONICO  2007;BIL;3,87;2,28;1,84;1,58
PIP;5024;ELIOS PREVIDENZA 2007 - PIANO INDIVIDUALE PENSIONISTICO DI TIPO ASSICURATIVO - FONDO PENSIONE;ALLIANZ S.P.A.;FONDO ATTIVO  2007;BIL;3,87;2,28;1,84;1,58
PIP;5024;ELIOS PREVIDENZA 2007 - PIANO INDIVIDUALE PENSIONISTICO DI TIPO ASSICURATIVO - FONDO PENSIONE;ALLIANZ S.P.A.;FONDO PROTETTO 2007;GAR;3,87;2,28;1,84;1,58
PIP;5025;TAXBENEFIT NEW - PIANO INDIVIDUALE PENSIONISTICO DI TIPO ASSICURATIVO - FONDO PENSIONE;MEDIOLANUM VITA S.P.A.;CHALLENGE PROVIDENT FUND 1;AZN;3,66;3,39;3,22;2,63
PIP;5025;TAXBENEFIT NEW - PIANO INDIVIDUALE PENSIONISTICO DI TIPO ASSICURATIVO - FONDO PENSIONE;MEDIOLANUM VITA S.P.A.;CHALLENGE PROVIDENT FUND 2;BIL;3,08;2,8;2,63;2,09
PIP;5025;TAXBENEFIT NEW - PIANO INDIVIDUALE PENSIONISTICO DI TIPO ASSICURATIVO - FONDO PENSIONE;MEDIOLANUM VITA S.P.A.;CHALLENGE PROVIDENT FUND 3;OBB;2,26;1,97;1,79;1,31
PIP;5025;TAXBENEFIT NEW - PIANO INDIVIDUALE PENSIONISTICO DI TIPO ASSICURATIVO - FONDO PENSIONE;MEDIOLANUM VITA S.P.A.;CHALLENGE PROVIDENT FUND 4;OBB;1,82;1,52;1,34;0,89
PIP;5025;TAXBENEFIT NEW - PIANO INDIVIDUALE PENSIONISTICO DI TIPO ASSICURATIVO - FONDO PENSIONE;MEDIOLANUM VITA S.P.A.;CHALLENGE PROVIDENT FUND 5;BIL;1,9;1,74;1,58;1,12
PIP;5027;CNP TOP PENSION - PIANO INDIVIDUALE PENSIONISTICO DI TIPO ASSICURATIVO - FONDO PENSIONE;CNP VITA ASSICURA S.P.A.;CNP PIP AZIONARIO;AZN;3,76;2,75;2,38;2,1
PIP;5027;CNP TOP PENSION - PIANO INDIVIDUALE PENSIONISTICO DI TIPO ASSICURATIVO - FONDO PENSIONE;CNP VITA ASSICURA S.P.A.;CNP PIP BILANCIATO;BIL;3,61;2,6;2,23;1,95
PIP;5027;CNP TOP PENSION - PIANO INDIVIDUALE PENSIONISTICO DI TIPO ASSICURATIVO - FONDO PENSIONE;CNP VITA ASSICURA S.P.A.;CNP PIP FLESSIBILE;BIL;3,46;2,45;2,08;1,8
PIP;5027;CNP TOP PENSION - PIANO INDIVIDUALE PENSIONISTICO DI TIPO ASSICURATIVO - FONDO PENSIONE;CNP VITA ASSICURA S.P.A.;CNP PIP OBBLIGAZIONARIO;OBB;3,26;2,25;1,88;1,6
PIP;5027;CNP TOP PENSION - PIANO INDIVIDUALE PENSIONISTICO DI TIPO ASSICURATIVO - FONDO PENSIONE;CNP VITA ASSICURA S.P.A.;GEPI;GAR;2,97;1,95;1,58;1,3
PIP;5029;CRÉDIT AGRICOLE VITA PENSIONE PIU' - PIANO INDIVIDUALE PENSIONISTICO DI TIPO ASSICURATIVO - FONDO PENSIONE;CRÉDIT AGRICOLE VITA S.P.A.;CRÉDIT AGRICOLE VITA PREVIDENZA;GAR;2,63;1,68;1,4;1,21
PIP;5033;PROGRAMMA PER TE - PIANO INDIVIDUALE PENSIONISTICO DI TIPO ASSICURATIVO - FONDO PENSIONE;GROUPAMA ASSICURAZIONI S.P.A;VALOREPIU' PREVIDENZA;GAR;4,4;2,84;2,13;1,53
PIP;5033;PROGRAMMA PER TE - PIANO INDIVIDUALE PENSIONISTICO DI TIPO ASSICURATIVO - FONDO PENSIONE;GROUPAMA ASSICURAZIONI S.P.A;VALOREPIÙ AZIONARIO PREVIDENZA;AZN;4,98;3,44;2,73;2,13
PIP;5036;PIANO INDIVIDUALE PENSIONISTICO DI TIPO ASSICURATIVO - PROGRESSIVE PENSION PLAN - PROGRAMMA DINAMICO - FONDO PENSIONE;ARCA VITA S.P.A.;CONTROL;OBB;3,53;2,13;1,79;1,6
PIP;5036;PIANO INDIVIDUALE PENSIONISTICO DI TIPO ASSICURATIVO - PROGRESSIVE PENSION PLAN - PROGRAMMA DINAMICO - FONDO PENSIONE;ARCA VITA S.P.A.;MEDIUM;BIL;3,87;2,47;2,13;1,94
PIP;5036;PIANO INDIVIDUALE PENSIONISTICO DI TIPO ASSICURATIVO - PROGRESSIVE PENSION PLAN - PROGRAMMA DINAMICO - FONDO PENSIONE;ARCA VITA S.P.A.;POWER;AZN;4,1;2,7;2,36;2,17
PIP;5037;PIP PROGETTO PENSIONE - PIANO INDIVIDUALE PENSIONISTICO DI TIPO ASSICURATIVO - FONDO PENSIONE;INTESA SANPAOLO ASSICURAZIONI S.P.A.;EV PREVI;GAR;4,01;2,5;1,99;1,63
PIP;5037;PIP PROGETTO PENSIONE - PIANO INDIVIDUALE PENSIONISTICO DI TIPO ASSICURATIVO - FONDO PENSIONE;INTESA SANPAOLO ASSICURAZIONI S.P.A.;STRATEGIA 15;OBB;4,17;2,66;2,15;1,79
PIP;5037;PIP PROGETTO PENSIONE - PIANO INDIVIDUALE PENSIONISTICO DI TIPO ASSICURATIVO - FONDO PENSIONE;INTESA SANPAOLO ASSICURAZIONI S.P.A.;STRATEGIA 30;BIL;4,42;2,91;2,41;2,04
PIP;5037;PIP PROGETTO PENSIONE - PIANO INDIVIDUALE PENSIONISTICO DI TIPO ASSICURATIVO - FONDO PENSIONE;INTESA SANPAOLO ASSICURAZIONI S.P.A.;STRATEGIA 40;BIL;4,71;3,21;2,71;2,34
PIP;5037;PIP PROGETTO PENSIONE - PIANO INDIVIDUALE PENSIONISTICO DI TIPO ASSICURATIVO - FONDO PENSIONE;INTESA SANPAOLO ASSICURAZIONI S.P.A.;STRATEGIA 55;AZN;5,01;3,51;3,01;2,63
PIP;5037;PIP PROGETTO PENSIONE - PIANO INDIVIDUALE PENSIONISTICO DI TIPO ASSICURATIVO - FONDO PENSIONE;INTESA SANPAOLO ASSICURAZIONI S.P.A.;STRATEGIA 70;AZN;5,16;3,66;3,16;2,79
PIP;5039;PIANO PENSIONISTICO BAYERISCHE - TARIFFA 4026 - PIANO INDIVIDUALE PENSIONISTICO DI TIPO ASSICURATIVO - FONDO PENSIONE;CRONOS VITA ASSICURAZIONI S.P.A.;NUOVO PPB;GAR;4,32;2,65;1,88;1,24
PIP;5040;PIANO PENSIONISTICO BAYERISCHE - TARIFFA 4036 - PIANO INDIVIDUALE PENSIONISTICO DI TIPO ASSICURATIVO - FONDO PENSIONE;CRONOS VITA ASSICURAZIONI S.P.A.;NUOVO PPB;GAR;4,32;2,65;1,88;1,24
PIP;5044;PIANO PENSIONISTICO BAYERISCHE - TARIFFA 4046 - PIANO INDIVIDUALE PENSIONISTICI DI TIPO ASSICURATIVO - FONDO PENSIONE;CRONOS VITA ASSICURAZIONI S.P.A.;NUOVO PPB;GAR;4,32;2,65;1,88;1,24
PIP;5046;TAX QUALIFIED ANNUITY III - RENDITA DI PREVIDENZA QUALIFICATA - PIANO INDIVIDUALE PENSIONISTICO DI TIPO ASSICURATIVO - FONDO PENSIONE;CRONOS VITA ASSICURAZIONI S.P.A.;PREVI;GAR;4,44;2,7;1,91;1,26
PIP;5047;MODUS. PIANO INDIVIDUALE PENSIONISTICO DI TIPO ASSICURATIVO - FONDO PENSIONE;BCC VITA S.P.A.;BCC VITA EQUITY AMERICA PIP;AZN;6,43;4,81;4,06;3,43
PIP;5047;MODUS. PIANO INDIVIDUALE PENSIONISTICO DI TIPO ASSICURATIVO - FONDO PENSIONE;BCC VITA S.P.A.;BCC VITA EQUITY ASIA PIP;AZN;6,43;4,81;4,06;3,43
PIP;5047;MODUS. PIANO INDIVIDUALE PENSIONISTICO DI TIPO ASSICURATIVO - FONDO PENSIONE;BCC VITA S.P.A.;BCC VITA EQUITY EUROPA PIP;AZN;6,44;4,82;4,07;3,44
PIP;5047;MODUS. PIANO INDIVIDUALE PENSIONISTICO DI TIPO ASSICURATIVO - FONDO PENSIONE;BCC VITA S.P.A.;BCC VITA GARANTITA PIP;GAR;4,8;3,15;2,39;1,75
PIP;5047;MODUS. PIANO INDIVIDUALE PENSIONISTICO DI TIPO ASSICURATIVO - FONDO PENSIONE;BCC VITA S.P.A.;BCC VITA WORLD GLOBAL BOND PIP;OBB;5,02;3,37;2,61;1,97
PIP;5049;FUTURO PENSIONE PIANO INDIVIDUALE PENSIONISTICO DI TIPO ASSICURATIVO - FONDO PENSIONE;GAMALIFE COMPANHIA DE SUGUROS DE VIDA, SA;FONDO VIP;GAR;2,52;1,65;1,25;0,92
PIP;5050;UNIPOL FUTURO PRESENTE - PIANO INDIVIDUALE PENSIONISTICO DI TIPO ASSICURATIVO - FONDO PENSIONE;UNIPOL  ASSICURAZIONI S.P.A.;PREVIATTIVA UNIPOL;GAR;4,83;2,91;2,17;1,61
PIP;5051;AVIVA VITA - PRO FUTURO - PIANO INDIVIDUALE PENSIONISTICO DI TIPO ASSICURATIVO - FONDO PENSIONE;INTESA SANPAOLO ASSICURAZIONI S.P.A.;AVIVA-UBI;GAR;2,6;1,71;1,37;1,1
PIP;5051;AVIVA VITA - PRO FUTURO - PIANO INDIVIDUALE PENSIONISTICO DI TIPO ASSICURATIVO - FONDO PENSIONE;INTESA SANPAOLO ASSICURAZIONI S.P.A.;AVIVA-UBI 1;OBB;2,99;2,1;1,76;1,49
PIP;5051;AVIVA VITA - PRO FUTURO - PIANO INDIVIDUALE PENSIONISTICO DI TIPO ASSICURATIVO - FONDO PENSIONE;INTESA SANPAOLO ASSICURAZIONI S.P.A.;AVIVA-UBI 2;OBB;3,19;2,3;1,96;1,69
PIP;5051;AVIVA VITA - PRO FUTURO - PIANO INDIVIDUALE PENSIONISTICO DI TIPO ASSICURATIVO - FONDO PENSIONE;INTESA SANPAOLO ASSICURAZIONI S.P.A.;AVIVA-UBI 3;BIL;3,39;2,5;2,16;1,89
PIP;5051;AVIVA VITA - PRO FUTURO - PIANO INDIVIDUALE PENSIONISTICO DI TIPO ASSICURATIVO - FONDO PENSIONE;INTESA SANPAOLO ASSICURAZIONI S.P.A.;AVIVA-UBI 4;AZN;3,48;2,6;2,26;1,99
PIP;5052;CENTO STELLE REALE - PIANO INDIVIDUALE PENSIONISTICO DI TIPO ASSICURATIVO - FONDO PENSIONE;SOCIETA' REALE MUTUA DI ASSICURAZIONI;REALE LINEA EQUILIBRIO;BIL;3,07;2,28;2;1,79
PIP;5052;CENTO STELLE REALE - PIANO INDIVIDUALE PENSIONISTICO DI TIPO ASSICURATIVO - FONDO PENSIONE;SOCIETA' REALE MUTUA DI ASSICURAZIONI;REALE LINEA FUTURO;AZN;3,56;2,78;2,5;2,29
PIP;5052;CENTO STELLE REALE - PIANO INDIVIDUALE PENSIONISTICO DI TIPO ASSICURATIVO - FONDO PENSIONE;SOCIETA' REALE MUTUA DI ASSICURAZIONI;REALE LINEA PRUDENTE;OBB;1,73;0,93;0,64;0,43
PIP;5053;FEELGOOD - PIANO INDIVIDUALE PENSIONISTICO DI TIPO ASSICURATIVO - FONDO PENSIONE;COMPAGNIA ITALIANA DI PREVIDENZA, ASSICURAZIONI E RIASSICURAZIONI S.P.A.;ITALIANA LINEA EQUILIBRIO;BIL;2,75;2,05;1,79;1,59
PIP;5053;FEELGOOD - PIANO INDIVIDUALE PENSIONISTICO DI TIPO ASSICURATIVO - FONDO PENSIONE;COMPAGNIA ITALIANA DI PREVIDENZA, ASSICURAZIONI E RIASSICURAZIONI S.P.A.;ITALIANA LINEA FUTURO;AZN;3,19;2,49;2,23;2,03
PIP;5053;FEELGOOD - PIANO INDIVIDUALE PENSIONISTICO DI TIPO ASSICURATIVO - FONDO PENSIONE;COMPAGNIA ITALIANA DI PREVIDENZA, ASSICURAZIONI E RIASSICURAZIONI S.P.A.;ITALIANA LINEA PRUDENTE;OBB;1,56;0,85;0,58;0,38
PIP;5056;PIANO INDIVIDUALE PENSIONISTICO DI TIPO ASSICURATIVO - FONDO PENSIONE PREVINEXT;INTESA SANPAOLO ASSICURAZIONI S.P.A.;PREVINEXT BALANCED;BIL;2,73;2,25;2,03;1,85
PIP;5056;PIANO INDIVIDUALE PENSIONISTICO DI TIPO ASSICURATIVO - FONDO PENSIONE PREVINEXT;INTESA SANPAOLO ASSICURAZIONI S.P.A.;PREVINEXT DYNAMIC;AZN;2,82;2,34;2,12;1,94
PIP;5056;PIANO INDIVIDUALE PENSIONISTICO DI TIPO ASSICURATIVO - FONDO PENSIONE PREVINEXT;INTESA SANPAOLO ASSICURAZIONI S.P.A.;PREVINEXT FUTURO SICURO;GAR;2,23;1,74;1,52;1,34
PIP;5057;PIANO INDIVIDUALE PENSIONISTICO DI TIPO ASSICURATIVO - FONDO PENSIONE PREVINEXT PLATINUM;INTESA SANPAOLO ASSICURAZIONI S.P.A.;PREVINEXT BALANCED;BIL;3,01;2,39;2,11;1,87
PIP;5057;PIANO INDIVIDUALE PENSIONISTICO DI TIPO ASSICURATIVO - FONDO PENSIONE PREVINEXT PLATINUM;INTESA SANPAOLO ASSICURAZIONI S.P.A.;PREVINEXT DYNAMIC;AZN;3,1;2,48;2,2;1,96
PIP;5057;PIANO INDIVIDUALE PENSIONISTICO DI TIPO ASSICURATIVO - FONDO PENSIONE PREVINEXT PLATINUM;INTESA SANPAOLO ASSICURAZIONI S.P.A.;PREVINEXT FUTURO SICURO;GAR;2,5;1,88;1,6;1,36
PIP;5059;PIANO INDIVIDUALE PENSIONISTICO DI TIPO ASSICURATIVO  - FONDO PENSIONE GUARDO AVANTI NEW;GENERALI ITALIA S.P.A.;CATTOLICA PREVIDENZA AZIONARIO;AZN;3,04;2,38;2,09;1,84
PIP;5059;PIANO INDIVIDUALE PENSIONISTICO DI TIPO ASSICURATIVO  - FONDO PENSIONE GUARDO AVANTI NEW;GENERALI ITALIA S.P.A.;CATTOLICA PREVIDENZA BILANCIATO;BIL;2,84;2,18;1,89;1,64
PIP;5059;PIANO INDIVIDUALE PENSIONISTICO DI TIPO ASSICURATIVO  - FONDO PENSIONE GUARDO AVANTI NEW;GENERALI ITALIA S.P.A.;CATTOLICA PREVIDENZA SICURO;GAR;2,62;1,96;1,66;1,42
PIP;5060;PIANO INDIVIDUALE PENSIONISTICO DI TIPO ASSICURATIVO - FONDO PENSIONE - PUNTALTO;GENERALI ITALIA S.P.A.;CATTOLICA PREVIDENZA AZIONARIO;AZN;3,31;2,52;2,16;1,86
PIP;5060;PIANO INDIVIDUALE PENSIONISTICO DI TIPO ASSICURATIVO - FONDO PENSIONE - PUNTALTO;GENERALI ITALIA S.P.A.;CATTOLICA PREVIDENZA BILANCIATO;BIL;3,11;2,32;1,96;1,66
PIP;5060;PIANO INDIVIDUALE PENSIONISTICO DI TIPO ASSICURATIVO - FONDO PENSIONE - PUNTALTO;GENERALI ITALIA S.P.A.;CATTOLICA PREVIDENZA SICURO;GAR;2,9;2,1;1,74;1,44
PIP;5064;CATTOLICA PREVIDENZA PROGETTO PENSIONE BIS - PIANO INDIVIDUALE PENSIONISTICO DI TIPO ASSICURATIVO - FONDO PENSIONE;GENERALI ITALIA S.P.A.;EV STRATEGIA INTERNAZIONALE;AZN;2,31;1,67;1,56;1,52
PIP;5064;CATTOLICA PREVIDENZA PROGETTO PENSIONE BIS - PIANO INDIVIDUALE PENSIONISTICO DI TIPO ASSICURATIVO - FONDO PENSIONE;GENERALI ITALIA S.P.A.;GESTIONE PREVIDENZA;GAR;2,31;1,67;1,56;1,52
PIP;5066;NG - NUOVA GENERAZIONE - PIANO INDIVIDUALE PENSIONISTICO DI TIPO ASSICURATIVO - FONDO PENSIONE;CRONOS VITA ASSICURAZIONI S.P.A.;NUOVO PPB;GAR;3,2;2,05;1,55;1,15
PIP;5068;DOMANI SICURO PLUS - PIANO INDIVIDUALE PENSIONISTICO DI TIPO ASSICURATIVO - FONDO PENSIONE;COMPAGNIA ITALIANA DI PREVIDENZA, ASSICURAZIONI E RIASSICURAZIONI S.P.A.;PREFIN FUTURO;GAR;4,6;2,95;2,18;1,53
PIP;5068;DOMANI SICURO PLUS - PIANO INDIVIDUALE PENSIONISTICO DI TIPO ASSICURATIVO - FONDO PENSIONE;COMPAGNIA ITALIANA DI PREVIDENZA, ASSICURAZIONI E RIASSICURAZIONI S.P.A.;PREVIDENZA FUTURO AGGRESSIVA;AZN;5,26;3,62;2,86;2,21
PIP;5069;AXA PROGETTO PENSIONE PIU' - PIANO INDIVIDUALE PENSIONISTICO DI TIPO ASSICURATIVO - FONDO PENSIONE;AXA ASSICURAZIONI S.P.A.;AXA PREVIDENZA ASSOLUTO;BIL;4,12;2,55;1,98;1,55
PIP;5069;AXA PROGETTO PENSIONE PIU' - PIANO INDIVIDUALE PENSIONISTICO DI TIPO ASSICURATIVO - FONDO PENSIONE;AXA ASSICURAZIONI S.P.A.;AXA PREVIDENZA EUROPA;AZN;4,12;2,55;1,98;1,55
PIP;5069;AXA PROGETTO PENSIONE PIU' - PIANO INDIVIDUALE PENSIONISTICO DI TIPO ASSICURATIVO - FONDO PENSIONE;AXA ASSICURAZIONI S.P.A.;AXA PREVIDENZA INTERNAZIONALE;AZN;4,12;2,55;1,98;1,55
PIP;5069;AXA PROGETTO PENSIONE PIU' - PIANO INDIVIDUALE PENSIONISTICO DI TIPO ASSICURATIVO - FONDO PENSIONE;AXA ASSICURAZIONI S.P.A.;GESTIRIV PREVIDENZA;GAR;4,12;2,55;1,98;1,55
PIP;5073;CENTO STELLE TAXPLAN - PIANO INDIVIDUALE PENSIONISTICO DI TIPO ASSICURATIVO - FONDO PENSIONE;SOCIETA' REALE MUTUA DI ASSICURAZIONI;PREVIDENZA REALE;GAR;4,61;3,06;2,35;1,75
PIP;5074;PLANNER - PIANO INDIVIDUALE PENSIONISTICO DI TIPO ASSICURATIVO - FONDO PENSIONE;COMPAGNIA ITALIANA DI PREVIDENZA, ASSICURAZIONI E RIASSICURAZIONI S.P.A.;ITALIANA LINEA PREVIDENZA;GAR;4,61;3,06;2,35;1,75
PIP;5075;VERA VITA PREVIDENZA - PIANO INDIVIDUALE PENSIONISTICO DI TIPO ASSICURATIVO - FONDO PENSIONE;VERA VITA S.P.A.;POPOLARE VITA PREVIDENZA;GAR;3,88;2,48;1,99;1,63
PIP;5075;VERA VITA PREVIDENZA - PIANO INDIVIDUALE PENSIONISTICO DI TIPO ASSICURATIVO - FONDO PENSIONE;VERA VITA S.P.A.;POPOLARE VITA VALUE;AZN;4,18;2,78;2,29;1,93
PIP;5079;HELVETIA AEQUA PIANO INDIVIDUALE PENSIONISTICO DI TIPO ASSICURATIVO - FONDO PENSIO;HELVETIA VITA S.P.A. - COMPAGNIA ITALO SVIZZERA DI ASSICURAZIONI SULLA VITA;HELVETIA MULTIMANAGER EQUITY;AZN;1,87;1,87;1,87;1,87
PIP;5079;HELVETIA AEQUA PIANO INDIVIDUALE PENSIONISTICO DI TIPO ASSICURATIVO - FONDO PENSIO;HELVETIA VITA S.P.A. - COMPAGNIA ITALO SVIZZERA DI ASSICURAZIONI SULLA VITA;HELVETIA MULTIMANAGER FLESSIBILE;BIL;1,56;1,56;1,56;1,56
PIP;5079;HELVETIA AEQUA PIANO INDIVIDUALE PENSIONISTICO DI TIPO ASSICURATIVO - FONDO PENSIO;HELVETIA VITA S.P.A. - COMPAGNIA ITALO SVIZZERA DI ASSICURAZIONI SULLA VITA;HV PREVIREND;GAR;1,2;1,2;1,2;1,2
PIP;5080;CATTOLICAPREVIDENZAPERLAPENSIONE - PIANO INDIVIDUALE PENSIONISTICO DI TIPO ASSICURATIVO - FONDO PENSIONE;GENERALI ITALIA S.P.A.;EV STRATEGIA INTERNAZIONALE;AZN;4,38;2,7;2,11;1,67
PIP;5080;CATTOLICAPREVIDENZAPERLAPENSIONE - PIANO INDIVIDUALE PENSIONISTICO DI TIPO ASSICURATIVO - FONDO PENSIONE;GENERALI ITALIA S.P.A.;GESTIONE PREVIDENZA;GAR;4,38;2,7;2,11;1,67
PIP;5081;PIANO INDIVIDUALE PENSIONISTICO VITTORIA - PIANO INDIVIDUALE PENSIONISTICO DI TIPO ASSICURATIVO - FONDO PENSIONE;VITTORIA ASSICURAZIONI S.P.A.;FONDO VITTORIA PREVIDENZA;GAR;3,76;2,33;1,78;1,35
PIP;5081;PIANO INDIVIDUALE PENSIONISTICO VITTORIA - PIANO INDIVIDUALE PENSIONISTICO DI TIPO ASSICURATIVO - FONDO PENSIONE;VITTORIA ASSICURAZIONI S.P.A.;FONDO VITTORIA PREVIDENZA FLESSIBILE;BIL;4,14;2,73;2,18;1,76
PIP;5082;EUROVITA FUTURO - PIANO INDIVIDUALE PENSIONISTICO DI TIPO ASSICURATIVO - FONDO PENSIONE;CRONOS VITA ASSICURAZIONI S.P.A.;FUTURIV;GAR;4,24;2,76;2,1;1,56
PIP;5083;IL MIO FUTURO - PIANO INDIVIDUALE PENSIONISTICO DI TIPO ASSICURATIVO - FONDO PENSIONE;INTESA SANPAOLO ASSICURAZIONI S.P.A.;EV PREVI;GAR;3,43;2,21;1,8;1,5
PIP;5083;IL MIO FUTURO - PIANO INDIVIDUALE PENSIONISTICO DI TIPO ASSICURATIVO - FONDO PENSIONE;INTESA SANPAOLO ASSICURAZIONI S.P.A.;LUNGO TERMINE;BIL;3,74;2,52;2,12;1,81
PIP;5083;IL MIO FUTURO - PIANO INDIVIDUALE PENSIONISTICO DI TIPO ASSICURATIVO - FONDO PENSIONE;INTESA SANPAOLO ASSICURAZIONI S.P.A.;MEDIO TERMINE;BIL;3,44;2,22;1,81;1,51
PIP;5084;BAPCRESCENDOPREVIDENTE - PIANO INDIVIDUALE PENSIONISTICO DI TIPO ASSICURATIVO - FONDO PENSIONE;INTESA SANPAOLO ASSICURAZIONI S.P.A.;BAP GESTIONE PREVIDENZA;GAR;2,8;1,94;1,74;1,63
PIP;5087;UNICREDIT FUTURO PIP CNP - PIANO INDIVIDUALE PENSIONISTICO DI TIPO ASSICURATIVO - FONDO PENSIONE;CNP VITA ASSICURA S.P.A.;CNP ASSICURAZIONE PREVIDENZA EQUITY;AZN;3,95;3,1;2,71;2,38
PIP;5087;UNICREDIT FUTURO PIP CNP - PIANO INDIVIDUALE PENSIONISTICO DI TIPO ASSICURATIVO - FONDO PENSIONE;CNP VITA ASSICURA S.P.A.;GEPI;GAR;2,96;2,1;1,7;1,38
PIP;5088;VERA VITA PENSIONE SICURA - PIANO INDIVIDUALE PENSIONISTICO DI TIPO ASSICURATIVO - FONDO PENSIONE;VERA VITA S.P.A.;POPOLARE VITA BILANCIATO GLOBAL;BIL;4,77;3,38;2,89;2,53
PIP;5088;VERA VITA PENSIONE SICURA - PIANO INDIVIDUALE PENSIONISTICO DI TIPO ASSICURATIVO - FONDO PENSIONE;VERA VITA S.P.A.;POPOLARE VITA PREVIDENZA;GAR;3,93;2,53;2,04;1,68
PIP;5088;VERA VITA PENSIONE SICURA - PIANO INDIVIDUALE PENSIONISTICO DI TIPO ASSICURATIVO - FONDO PENSIONE;VERA VITA S.P.A.;POPOLARE VITA PRUDENTE;OBB;4,03;2,63;2,14;1,78
PIP;5088;VERA VITA PENSIONE SICURA - PIANO INDIVIDUALE PENSIONISTICO DI TIPO ASSICURATIVO - FONDO PENSIONE;VERA VITA S.P.A.;POPOLARE VITA VALUE;AZN;4,18;2,78;2,29;1,93
PIP;5090;BNL PIANOPENSIONE - PIANO INDIVIDUALE PENSIONISTICO DI TIPO ASSICURATIVO - FONDO PENSIONE;BNP PARIBAS CARDIF VITA COMPAGNIA DI ASSICURAZIONE E RIASSICURAZIONE S.P.A;VALORPLUS;AZN;3,82;2,23;1,81;1,55
PIP;5090;BNL PIANOPENSIONE - PIANO INDIVIDUALE PENSIONISTICO DI TIPO ASSICURATIVO - FONDO PENSIONE;BNP PARIBAS CARDIF VITA COMPAGNIA DI ASSICURAZIONE E RIASSICURAZIONE S.P.A;VALORPREVI;GAR;3,72;2,13;1,7;1,52
PIP;5091;MIA PENSIONE - PIANO INDIVIDUALE PENSIONISTICO DI TIPO ASSICURATIVO - FONDO PENSIONE;AXA ASSICURAZIONI S.P.A.;GESTIRIV PREVIDENZA;GAR;4,57;2,82;2,17;1,68
PIP;5091;MIA PENSIONE - PIANO INDIVIDUALE PENSIONISTICO DI TIPO ASSICURATIVO - FONDO PENSIONE;AXA ASSICURAZIONI S.P.A.;PREVIDENZA EURO SMALL CAP;AZN;5,26;3,52;2,88;2,38
PIP;5091;MIA PENSIONE - PIANO INDIVIDUALE PENSIONISTICO DI TIPO ASSICURATIVO - FONDO PENSIONE;AXA ASSICURAZIONI S.P.A.;PREVIDENZA MEGATREND;AZN;5,26;3,52;2,88;2,38
PIP;5092;LIBERO DOMANI - PIANO INDIVIDUALE PENSIONISTICO DI TIPO ASSICURATIVO - FONDO PENSIONE;SARA VITA S.P.A.;"FUTURO&amp;PREVIDENZA";GAR;4,07;2,5;1,93;1,5
PIP;5093;CRÉDIT AGRICOLE VITA PROGETTO PREVIDENZA - PIANO INDIVIDUALE PENSIONISTICO DI TIPO ASSICURATIVO - FONDO PENSIONE;CRÉDIT AGRICOLE VITA S.P.A.;CRÉDIT AGRICOLE VITA PREVIDENZA;GAR;2,68;1,73;1,45;1,26
PIP;5093;CRÉDIT AGRICOLE VITA PROGETTO PREVIDENZA - PIANO INDIVIDUALE PENSIONISTICO DI TIPO ASSICURATIVO - FONDO PENSIONE;CRÉDIT AGRICOLE VITA S.P.A.;PROGETTO PREVIDENZA 2035;BIL;3,58;2,63;2,35;2,16
PIP;5093;CRÉDIT AGRICOLE VITA PROGETTO PREVIDENZA - PIANO INDIVIDUALE PENSIONISTICO DI TIPO ASSICURATIVO - FONDO PENSIONE;CRÉDIT AGRICOLE VITA S.P.A.;PROGETTO PREVIDENZA 2040;BIL;3,58;2,63;2,35;2,16
PIP;5093;CRÉDIT AGRICOLE VITA PROGETTO PREVIDENZA - PIANO INDIVIDUALE PENSIONISTICO DI TIPO ASSICURATIVO - FONDO PENSIONE;CRÉDIT AGRICOLE VITA S.P.A.;PROGETTO PREVIDENZA 2045;BIL;3,58;2,63;2,35;2,16
PIP;5093;CRÉDIT AGRICOLE VITA PROGETTO PREVIDENZA - PIANO INDIVIDUALE PENSIONISTICO DI TIPO ASSICURATIVO - FONDO PENSIONE;CRÉDIT AGRICOLE VITA S.P.A.;PROGETTO PREVIDENZA 2025;BIL;3,58;2,63;2,35;2,16
PIP;5093;CRÉDIT AGRICOLE VITA PROGETTO PREVIDENZA - PIANO INDIVIDUALE PENSIONISTICO DI TIPO ASSICURATIVO - FONDO PENSIONE;CRÉDIT AGRICOLE VITA S.P.A.;PROGETTO PREVIDENZA 2030;BIL;3,58;2,63;2,35;2,16
PIP;5094;ORIZZONTE PREVIDENZA - PIANO INDIVIDUALE PENSIONISTICO DI TIPO ASSICURATIVO - FONDO PENSIONE;ALLIANZ S.P.A.;AZIONARIO GLOBALE;AZN;3,16;2,63;2,53;2,5
PIP;5094;ORIZZONTE PREVIDENZA - PIANO INDIVIDUALE PENSIONISTICO DI TIPO ASSICURATIVO - FONDO PENSIONE;ALLIANZ S.P.A.;BILANCIATO;BIL;2,96;2,43;2,33;2,3
PIP;5094;ORIZZONTE PREVIDENZA - PIANO INDIVIDUALE PENSIONISTICO DI TIPO ASSICURATIVO - FONDO PENSIONE;ALLIANZ S.P.A.;FORMULA ATTIVA;BIL;3,16;2,63;2,53;2,5
PIP;5094;ORIZZONTE PREVIDENZA - PIANO INDIVIDUALE PENSIONISTICO DI TIPO ASSICURATIVO - FONDO PENSIONE;ALLIANZ S.P.A.;FORMULA EQUILIBRATA;BIL;2,96;2,43;2,33;2,3
PIP;5094;ORIZZONTE PREVIDENZA - PIANO INDIVIDUALE PENSIONISTICO DI TIPO ASSICURATIVO - FONDO PENSIONE;ALLIANZ S.P.A.;FORMULA MODERATA;BIL;2,66;2,13;2,03;2
PIP;5094;ORIZZONTE PREVIDENZA - PIANO INDIVIDUALE PENSIONISTICO DI TIPO ASSICURATIVO - FONDO PENSIONE;ALLIANZ S.P.A.;FORMULA SERENA;BIL;2,16;1,62;1,53;1,5
PIP;5094;ORIZZONTE PREVIDENZA - PIANO INDIVIDUALE PENSIONISTICO DI TIPO ASSICURATIVO - FONDO PENSIONE;ALLIANZ S.P.A.;FORMULA SICURA;GAR;2,16;1,62;1,53;1,5
PIP;5094;ORIZZONTE PREVIDENZA - PIANO INDIVIDUALE PENSIONISTICO DI TIPO ASSICURATIVO - FONDO PENSIONE;ALLIANZ S.P.A.;OBBLIGAZIONARIO;OBB;2,46;1,93;1,83;1,8
PIP;5096;EUROVITA PENSIONE DOMANI - PIANO INDIVIDUALE PENSIONISTICO DI TIPO ASSICURATIVO - FONDO PENSIONE;CRONOS VITA ASSICURAZIONI S.P.A.;EUROVITA AZIONE PIU';AZN;5,07;3,59;2,94;2,41
PIP;5096;EUROVITA PENSIONE DOMANI - PIANO INDIVIDUALE PENSIONISTICO DI TIPO ASSICURATIVO - FONDO PENSIONE;CRONOS VITA ASSICURAZIONI S.P.A.;NUOVO PPB;GAR;4,24;2,76;2,1;1,56
PIP;5097;CNP VALORE INTEGRATIVO - PIANO INDIVIDUALE PENSIONISTICO DI TIPO ASSICURATIVO - FONDO PENSIONE;CNP VITA ASSICURA S.P.A.;CNP ASSICURAZIONE PREVIDENZA EQUITY;AZN;5,33;3,64;2,96;2,41
PIP;5097;CNP VALORE INTEGRATIVO - PIANO INDIVIDUALE PENSIONISTICO DI TIPO ASSICURATIVO - FONDO PENSIONE;CNP VITA ASSICURA S.P.A.;CNP PIP AZIONARIO;AZN;5,14;3,45;2,76;2,21
PIP;5097;CNP VALORE INTEGRATIVO - PIANO INDIVIDUALE PENSIONISTICO DI TIPO ASSICURATIVO - FONDO PENSIONE;CNP VITA ASSICURA S.P.A.;CNP PIP BILANCIATO;BIL;4,99;3,3;2,61;2,06
PIP;5097;CNP VALORE INTEGRATIVO - PIANO INDIVIDUALE PENSIONISTICO DI TIPO ASSICURATIVO - FONDO PENSIONE;CNP VITA ASSICURA S.P.A.;CNP PIP FLESSIBILE;BIL;4,84;3,15;2,46;1,91
PIP;5097;CNP VALORE INTEGRATIVO - PIANO INDIVIDUALE PENSIONISTICO DI TIPO ASSICURATIVO - FONDO PENSIONE;CNP VITA ASSICURA S.P.A.;CNP PIP OBBLIGAZIONARIO;OBB;4,65;2,95;2,25;1,71
PIP;5097;CNP VALORE INTEGRATIVO - PIANO INDIVIDUALE PENSIONISTICO DI TIPO ASSICURATIVO - FONDO PENSIONE;CNP VITA ASSICURA S.P.A.;GEPI;GAR;4,35;2,65;1,95;1,4
PIP;5098;CREDEMVITA FUTURA - PIANO INDIVIDUALE PENSIONISTICO DI TIPO ASSICURATIVO - FONDO PENSIONE;CREDEMVITA S.PA.;AZIONARIO;AZN;3,86;2,85;2,48;2,2
PIP;5098;CREDEMVITA FUTURA - PIANO INDIVIDUALE PENSIONISTICO DI TIPO ASSICURATIVO - FONDO PENSIONE;CREDEMVITA S.PA.;BILANCIATO;BIL;3,71;2,7;2,33;2,05
PIP;5098;CREDEMVITA FUTURA - PIANO INDIVIDUALE PENSIONISTICO DI TIPO ASSICURATIVO - FONDO PENSIONE;CREDEMVITA S.PA.;FLESSIBILE;BIL;3,56;2,55;2,18;1,9
PIP;5098;CREDEMVITA FUTURA - PIANO INDIVIDUALE PENSIONISTICO DI TIPO ASSICURATIVO - FONDO PENSIONE;CREDEMVITA S.PA.;OBBLIGAZIONARIO;OBB;3,36;2,35;1,98;1,7
PIP;5099;UNIPOL PREVIDENZA FUTURA - PIANO INDIVIDUALE PENSIONISTICO DI TIPO ASSICURATIVO - FONDO PENSIONE;UNIPOL  ASSICURAZIONI S.P.A.;PREVIGLOBALE;AZN;4,54;3,17;2,54;2,01
PIP;5099;UNIPOL PREVIDENZA FUTURA - PIANO INDIVIDUALE PENSIONISTICO DI TIPO ASSICURATIVO - FONDO PENSIONE;UNIPOL  ASSICURAZIONI S.P.A.;PREVIATTIVA UNIPOL;GAR;4,25;2,87;2,23;1,71
PIP;5101;PIANO PENSIONE MONEYFARM - PIANO INDIVIDUALE PENSIONISTICO DI TIPO ASSICURATIVO - FONDO PENSIONE;ALLIANZ GLOBAL LIFE DAC;MFM LINEA AZIONARIA;BIL;1,62;1,48;1,42;1,37
PIP;5101;PIANO PENSIONE MONEYFARM - PIANO INDIVIDUALE PENSIONISTICO DI TIPO ASSICURATIVO - FONDO PENSIONE;ALLIANZ GLOBAL LIFE DAC;MFM LINEA BILANCIATA;BIL;1,62;1,48;1,42;1,37
PIP;5101;PIANO PENSIONE MONEYFARM - PIANO INDIVIDUALE PENSIONISTICO DI TIPO ASSICURATIVO - FONDO PENSIONE;ALLIANZ GLOBAL LIFE DAC;MFM LINEA FUTURO;BIL;1,62;1,48;1,42;1,37
PIP;5101;PIANO PENSIONE MONEYFARM - PIANO INDIVIDUALE PENSIONISTICO DI TIPO ASSICURATIVO - FONDO PENSIONE;ALLIANZ GLOBAL LIFE DAC;MFM LINEA MODERATA;BIL;1,62;1,48;1,42;1,37
PIP;5101;PIANO PENSIONE MONEYFARM - PIANO INDIVIDUALE PENSIONISTICO DI TIPO ASSICURATIVO - FONDO PENSIONE;ALLIANZ GLOBAL LIFE DAC;MFM LINEA ORIZZONTE;BIL;1,62;1,48;1,42;1,37
PIP;5101;PIANO PENSIONE MONEYFARM - PIANO INDIVIDUALE PENSIONISTICO DI TIPO ASSICURATIVO - FONDO PENSIONE;ALLIANZ GLOBAL LIFE DAC;MFM LINEA PRUDENTE;BIL;1,62;1,48;1,42;1,37
PIP;5101;PIANO PENSIONE MONEYFARM - PIANO INDIVIDUALE PENSIONISTICO DI TIPO ASSICURATIVO - FONDO PENSIONE;ALLIANZ GLOBAL LIFE DAC;MFM LINEA INTRAPRENDENTE;AZN;1,62;1,48;1,42;1,37
PIP;5102;GENERAZIONE PREVIDENTE - PIANO INDIVIDUALE PENSIONISTICO DI TIPO ASSICURATIVO - FONDO PENSIONE;GENERALI ITALIA S.P.A.;A.G. EUROPEAN EQUITY;AZN;6;4,08;3,18;2,43
PIP;5102;GENERAZIONE PREVIDENTE - PIANO INDIVIDUALE PENSIONISTICO DI TIPO ASSICURATIVO - FONDO PENSIONE;GENERALI ITALIA S.P.A.;GENERALI AZIONE SOSTENIBILE;AZN;5,85;3,92;3,03;2,27
PIP;5102;GENERAZIONE PREVIDENTE - PIANO INDIVIDUALE PENSIONISTICO DI TIPO ASSICURATIVO - FONDO PENSIONE;GENERALI ITALIA S.P.A.;GENERALI OBIETTIVO PROTEZIONE;BIL;5,4;3,46;2,55;1,8
PIP;5102;GENERAZIONE PREVIDENTE - PIANO INDIVIDUALE PENSIONISTICO DI TIPO ASSICURATIVO - FONDO PENSIONE;GENERALI ITALIA S.P.A.;GENERALI SCELTA SOSTENIBILE;BIL;5,6;3,66;2,76;2,01
PIP;5102;GENERAZIONE PREVIDENTE - PIANO INDIVIDUALE PENSIONISTICO DI TIPO ASSICURATIVO - FONDO PENSIONE;GENERALI ITALIA S.P.A.;GESAV GLOBAL;GAR;5,2;3,25;2,35;1,59
PIP;5102;GENERAZIONE PREVIDENTE - PIANO INDIVIDUALE PENSIONISTICO DI TIPO ASSICURATIVO - FONDO PENSIONE;GENERALI ITALIA S.P.A.;GLOBAL MULTI ASSET;BIL;4,95;2,99;2,08;1,33
PIP;5103;ATHORA FUTURO PREVIDENZA - PIANO INDIVIDUALE PENSIONISTICO DI TIPO ASSICURATIVO - FONDO PENSIONE;ATHORA ITALIA S.P.A.;ATHORA FUTURO AZIONARIO;AZN;4,21;3,03;2,58;2,23
PIP;5103;ATHORA FUTURO PREVIDENZA - PIANO INDIVIDUALE PENSIONISTICO DI TIPO ASSICURATIVO - FONDO PENSIONE;ATHORA ITALIA S.P.A.;ATHORA FUTURO FLESSIBILE;BIL;3,91;2,73;2,28;1,93
PIP;5103;ATHORA FUTURO PREVIDENZA - PIANO INDIVIDUALE PENSIONISTICO DI TIPO ASSICURATIVO - FONDO PENSIONE;ATHORA ITALIA S.P.A.;ATHORA ITALIA - LINEA VALORE;GAR;3,62;2,43;1,98;1,63