TYPE;N. ALBO;FONDO;SOCIETA;COMPARTO;CATEGORIA;Ultimo anno;Ultimi 3 anni;Ultimi 5 anni;Ultimi 10 anni;Ultimi 20 anni
FPN;1;FONDO PENSIONE FONCHIM;;GARANTITO;GAR;2,64;1,63;1,17;0,83;
FPN;1;FONDO PENSIONE FONCHIM;;STABILITÀ;OBB MISTO;5,92;0,61;2,29;2,48;3,16
FPN;1;FONDO PENSIONE FONCHIM;;CRESCITA;AZN;10,32;2,66;4,51;4,23;4,3
FPN;2;FONDO PENSIONE FONDENERGIA;;GARANTITO;GAR;2,36;1,9;1,14;0,85;
FPN;2;FONDO PENSIONE FONDENERGIA;;BILANCIATO;BIL;4,84;-0,29;2,07;2,6;3,57
FPN;2;FONDO PENSIONE FONDENERGIA;;DINAMICO;AZN;8,05;2,24;3,94;3,91;4,28
FPN;3;FONDO PENSIONE QUADRI E CAPI FIAT;;STABILITA';GAR;3,86;1,86;1,15;0,78;1,35
FPN;3;FONDO PENSIONE QUADRI E CAPI FIAT;;REDDITO;OBB MISTO;6,38;0,03;1,98;2,47;3,48
FPN;3;FONDO PENSIONE QUADRI E CAPI FIAT;;CRESCITA;BIL;10;1,53;3,36;3,73;4
FPA;4;ALLIANZ PREVIDENZA  FONDO PENSIONE APERTO A CONTRIBUZIONE DEFINITA;ALLIANZ S.P.A.;LINEA FLESSIBILE;OBB PURO;1,62;-3,25;-1,8;-0,02;1,66
FPA;4;ALLIANZ PREVIDENZA  FONDO PENSIONE APERTO A CONTRIBUZIONE DEFINITA;ALLIANZ S.P.A.;LINEA BILANCIATA;BIL;7,57;-0,31;1,79;2,46;3,25
FPA;4;ALLIANZ PREVIDENZA  FONDO PENSIONE APERTO A CONTRIBUZIONE DEFINITA;ALLIANZ S.P.A.;LINEA AZIONARIA;AZN;16,18;4,17;6,95;5,95;5,07
FPA;4;ALLIANZ PREVIDENZA  FONDO PENSIONE APERTO A CONTRIBUZIONE DEFINITA;ALLIANZ S.P.A.;LINEA OBBLIGAZIONARIA BREVE TERMINE;OBB PURO;2,2;-0,01;-0,34;;
FPA;4;ALLIANZ PREVIDENZA  FONDO PENSIONE APERTO A CONTRIBUZIONE DEFINITA;ALLIANZ S.P.A.;LINEA OBBLIGAZIONARIA LUNGO TERMINE;OBB PURO;1,69;-1,73;-1,33;;
FPA;4;ALLIANZ PREVIDENZA  FONDO PENSIONE APERTO A CONTRIBUZIONE DEFINITA;ALLIANZ S.P.A.;LINEA MULTIASSET;BIL;4,66;-0,83;0,45;;
FPA;5;PREVIDENZA PER TE - FONDO PENSIONE APERTO;AXA MPS ASSICURAZIONI VITA S.P.A.;MONETA;OBB PURO;1,92;-1,07;-0,52;-0,01;1,02
FPA;5;PREVIDENZA PER TE - FONDO PENSIONE APERTO;AXA MPS ASSICURAZIONI VITA S.P.A.;STABILITÀ;BIL;5,81;0,58;1,95;2,24;2,81
FPA;5;PREVIDENZA PER TE - FONDO PENSIONE APERTO;AXA MPS ASSICURAZIONI VITA S.P.A.;MISTA;BIL;8,5;1,05;3,32;3,62;3,84
FPA;5;PREVIDENZA PER TE - FONDO PENSIONE APERTO;AXA MPS ASSICURAZIONI VITA S.P.A.;CRESCITA;AZN;11,57;2,34;5,08;4,95;4,72
FPA;5;PREVIDENZA PER TE - FONDO PENSIONE APERTO;AXA MPS ASSICURAZIONI VITA S.P.A.;GARANTITA;OBB MISTO;2,58;-0,1;-0,05;-0,19;0,37
FPA;6;ALMEGLIO FONDO PENSIONE APERTO ALLEANZA A CONTRIBUZIONE DEFINITA;ALLEANZA ASSICURAZIONI S.P.A.;OBBLIGAZIONARIO;OBB PURO;-0,66;-4,09;-2,51;-0,9;0,54
FPA;6;ALMEGLIO FONDO PENSIONE APERTO ALLEANZA A CONTRIBUZIONE DEFINITA;ALLEANZA ASSICURAZIONI S.P.A.;BILANCIATO;BIL;4,81;-1,22;0,78;1,37;2,29
FPA;6;ALMEGLIO FONDO PENSIONE APERTO ALLEANZA A CONTRIBUZIONE DEFINITA;ALLEANZA ASSICURAZIONI S.P.A.;AZIONARIO;AZN;10,43;1,41;4,23;3,87;3,29
FPA;7;FONDO PENSIONE FIDEURAM - FONDO PENSIONE APERTO;FIDEURAM VITA S.P.A.;SICUREZZA;OBB PURO;2,01;-2,82;-1,61;-0,22;1,57
FPA;7;FONDO PENSIONE FIDEURAM - FONDO PENSIONE APERTO;FIDEURAM VITA S.P.A.;EQUILIBRIO;BIL;5,23;-1,06;0,86;1,72;2,69
FPA;7;FONDO PENSIONE FIDEURAM - FONDO PENSIONE APERTO;FIDEURAM VITA S.P.A.;VALORE;AZN;8,41;0,37;2,98;3,25;3,33
FPA;7;FONDO PENSIONE FIDEURAM - FONDO PENSIONE APERTO;FIDEURAM VITA S.P.A.;CRESCITA;AZN;10,47;1,62;4,69;4,44;3,77
FPA;7;FONDO PENSIONE FIDEURAM - FONDO PENSIONE APERTO;FIDEURAM VITA S.P.A.;GARANZIA;OBB PURO;2,14;0,56;-0,08;-0,47;0,41
FPA;7;FONDO PENSIONE FIDEURAM - FONDO PENSIONE APERTO;FIDEURAM VITA S.P.A.;MILLENIALS;AZN;16,61;2,83;;;
FPA;8;GENERALI GLOBAL - FONDO PENSIONE APERTO A CONTRIBUZIONE DEFINITA;GENERALI ITALIA S.P.A.;OBBLIGAZIONARIO;OBB PURO;1,75;-2,43;-0,97;;
FPA;8;GENERALI GLOBAL - FONDO PENSIONE APERTO A CONTRIBUZIONE DEFINITA;GENERALI ITALIA S.P.A.;MULTIASSET;BIL;4,51;0,69;0,5;1,05;2,66
FPA;8;GENERALI GLOBAL - FONDO PENSIONE APERTO A CONTRIBUZIONE DEFINITA;GENERALI ITALIA S.P.A.;AZIONARIO GLOBALE;AZN;9,67;3,42;5,07;4,45;4,28
FPA;8;GENERALI GLOBAL - FONDO PENSIONE APERTO A CONTRIBUZIONE DEFINITA;GENERALI ITALIA S.P.A.;OBBLIGAZIONARIO BREVE TERMINE;OBB PURO;2,24;-0,14;-0,24;;
FPA;8;GENERALI GLOBAL - FONDO PENSIONE APERTO A CONTRIBUZIONE DEFINITA;GENERALI ITALIA S.P.A.;REAL RETURN;OBB MISTO;2,99;0,45;0,53;;
FPA;10;PREVID-SYSTEM - FONDO PENSIONE APERTO;INTESA SANPAOLO ASSICURAZIONI S.P.A.;TFR+;BIL;3,08;0,27;0,51;0,23;1,19
FPA;10;PREVID-SYSTEM - FONDO PENSIONE APERTO;INTESA SANPAOLO ASSICURAZIONI S.P.A.;CRESCITA PRUDENTE;OBB MISTO;2,36;-0,87;-0,4;0,28;1,47
FPA;10;PREVID-SYSTEM - FONDO PENSIONE APERTO;INTESA SANPAOLO ASSICURAZIONI S.P.A.;CRESCITA DINAMICA;OBB MISTO;2,94;-0,93;0,14;0,84;1,94
FPA;10;PREVID-SYSTEM - FONDO PENSIONE APERTO;INTESA SANPAOLO ASSICURAZIONI S.P.A.;ACCUMULAZIONE BILANCIATA;BIL;6,9;0,88;2,91;3;3,47
FPA;10;PREVID-SYSTEM - FONDO PENSIONE APERTO;INTESA SANPAOLO ASSICURAZIONI S.P.A.;RIVALUTAZIONE AZIONARIA;AZN;11,71;2,94;5,73;5,03;4,69
FPA;17;FONDO PENSIONE APERTO TESEO;SOCIETA' REALE MUTUA DI ASSICURAZIONI;GARANTITA ETICA;OBB PURO;2,95;0,82;0,37;0,45;1,31
FPA;17;FONDO PENSIONE APERTO TESEO;SOCIETA' REALE MUTUA DI ASSICURAZIONI;PRUDENZIALE ETICA;OBB PURO;1,14;-3,76;-2,35;-0,44;1,56
FPA;17;FONDO PENSIONE APERTO TESEO;SOCIETA' REALE MUTUA DI ASSICURAZIONI;BILANCIATA ETICA;BIL;3,32;-1,04;0,73;1,54;2,62
FPA;17;FONDO PENSIONE APERTO TESEO;SOCIETA' REALE MUTUA DI ASSICURAZIONI;SVILUPPO ETICA;AZN;6,43;2,72;4,67;4,01;3,06
FPA;18;CREDEMPREVIDENZA FONDO PENSIONE APERTO;CREDEMVITA S.P.A.;OBBLIGAZIONARIO GARANTITO;OBB MISTO;4,79;-0,97;0,25;1,1;2,3
FPA;18;CREDEMPREVIDENZA FONDO PENSIONE APERTO;CREDEMVITA S.P.A.;FLESSIBILE;OBB MISTO;2,98;0,56;1,43;1,66;1,81
FPA;18;CREDEMPREVIDENZA FONDO PENSIONE APERTO;CREDEMVITA S.P.A.;BILANCIATO;BIL;7,36;1,33;2,75;3,23;3,39
FPA;18;CREDEMPREVIDENZA FONDO PENSIONE APERTO;CREDEMVITA S.P.A.;AZIONARIO;AZN;11,86;4,82;5,96;5,42;4,58
FPA;22;FONDO PENSIONE APERTO  VITTORIA FORMULA LAVORO;VITTORIA ASSICURAZIONI S.P.A.;PREVIDENZA GARANTITA;OBB MISTO;1,59;-2,61;-1,23;-0,08;1,44
FPA;22;FONDO PENSIONE APERTO  VITTORIA FORMULA LAVORO;VITTORIA ASSICURAZIONI S.P.A.;PREVIDENZA EQUILIBRATA;BIL;2,19;-1,09;0,54;1,43;2,45
FPA;22;FONDO PENSIONE APERTO  VITTORIA FORMULA LAVORO;VITTORIA ASSICURAZIONI S.P.A.;PREVIDENZA BILANCIATO INTERNAZIONALE;BIL;6,63;;;;
FPA;22;FONDO PENSIONE APERTO  VITTORIA FORMULA LAVORO;VITTORIA ASSICURAZIONI S.P.A.;PREVIDENZA CAPITALIZZATA;AZN;4,17;0,78;2,63;3,24;3
FPA;26;ARCA PREVIDENZA FONDO PENSIONE APERTO;ARCA FONDI SGR S.P.A.;RENDITA SOSTENIBILE;BIL;5,34;0,05;1,21;1,6;2,85
FPA;26;ARCA PREVIDENZA FONDO PENSIONE APERTO;ARCA FONDI SGR S.P.A.;CRESCITA SOSTENIBILE;BIL;7,91;0,3;2,55;2,7;3,2
FPA;26;ARCA PREVIDENZA FONDO PENSIONE APERTO;ARCA FONDI SGR S.P.A.;ALTA CRESCITA SOSTENIBILE;BIL;11,74;2,52;5,3;4,2;3,74
FPA;26;ARCA PREVIDENZA FONDO PENSIONE APERTO;ARCA FONDI SGR S.P.A.;OBIETTIVO TFR;OBB MISTO;4,17;1,64;1,12;0,6;
FPA;30;FONDO PENSIONE APERTO UNIPOL PREVIDENZA FPA;UNIPOL ASSICURAZIONI S.P.A.;OBBLIGAZIONARIO;OBB MISTO;2,66;-0,39;-0,04;0,38;2,05
FPA;30;FONDO PENSIONE APERTO UNIPOL PREVIDENZA FPA;UNIPOL ASSICURAZIONI S.P.A.;BILANCIATO PRUDENTE;OBB MISTO;3,4;-0,75;0,21;1,02;2,49
FPA;30;FONDO PENSIONE APERTO UNIPOL PREVIDENZA FPA;UNIPOL ASSICURAZIONI S.P.A.;BILANCIATO EQUILIBRATO;BIL;4,95;-0,17;1,21;1,96;3,04
FPA;30;FONDO PENSIONE APERTO UNIPOL PREVIDENZA FPA;UNIPOL ASSICURAZIONI S.P.A.;BILANCIATO DINAMICO;BIL;6,91;0,92;2,62;3,06;3,61
FPA;30;FONDO PENSIONE APERTO UNIPOL PREVIDENZA FPA;UNIPOL ASSICURAZIONI S.P.A.;GARANTITO FLEX;BIL;3,41;0,64;0,86;;
FPA;30;FONDO PENSIONE APERTO UNIPOL PREVIDENZA FPA;UNIPOL ASSICURAZIONI S.P.A.;BILANCIATO ETICO;OBB MISTO;3,56;-0,11;0,32;;
FPA;30;FONDO PENSIONE APERTO UNIPOL PREVIDENZA FPA;UNIPOL ASSICURAZIONI S.P.A.;AZIONARIO;AZN;8,68;2,38;4,33;;
FPA;31;FONDO PENSIONE APERTO  VERA VITA;VERA VITA S.P.A.;POPOLARE-BOND;OBB PURO;0,79;-3,04;-1,97;-1,01;1,26
FPA;31;FONDO PENSIONE APERTO  VERA VITA;VERA VITA S.P.A.;POPOLARE-GEST;BIL;1,56;-2;-0,78;0,05;1,76
FPA;31;FONDO PENSIONE APERTO  VERA VITA;VERA VITA S.P.A.;POPOLARE-MIX;BIL;4,15;0,82;1,96;2,5;3,31
FPA;33;UNICREDIT - FONDO PENSIONE APERTO A CONTRIBUZIONE DEFINITA;UNICREDIT ALLIANZ VITA S.P.A.;SICURA - OBBLIGAZIONARIA CON GARANZIA DI RENDIMENTO MINIMO ;OBB PURO;3,1;-0,87;-0,37;-0,11;0,71
FPA;33;UNICREDIT - FONDO PENSIONE APERTO A CONTRIBUZIONE DEFINITA;UNICREDIT ALLIANZ VITA S.P.A.;TRANQUILLA - OBBLIGAZIONARIA MISTA CON GARANZIA DI RESTITUZIONE DEL CAPITALE;OBB MISTO;1,2;-3,87;-2,13;-0,34;1,64
FPA;33;UNICREDIT - FONDO PENSIONE APERTO A CONTRIBUZIONE DEFINITA;UNICREDIT ALLIANZ VITA S.P.A.;SERENA - BILANCIATA;BIL;4,4;-1,61;0,86;1,72;2,96
FPA;33;UNICREDIT - FONDO PENSIONE APERTO A CONTRIBUZIONE DEFINITA;UNICREDIT ALLIANZ VITA S.P.A.;DINAMICA - AZIONARIA INTERNAZIONALE;AZN;6,78;2,07;4,94;4,66;4,06
FPA;34;FONDO PENSIONE APERTO PREVIGEST FUND MEDIOLANUM;MEDIOLANUM GESTIONE FONDI SGR P.A.;OBBLIGAZIONARIO;OBB MISTO;1,39;-2,53;-1,07;-0,39;2,3
FPA;34;FONDO PENSIONE APERTO PREVIGEST FUND MEDIOLANUM;MEDIOLANUM GESTIONE FONDI SGR P.A.;BILANCIATO;BIL;7,02;0,56;2,69;2,2;3,78
FPA;34;FONDO PENSIONE APERTO PREVIGEST FUND MEDIOLANUM;MEDIOLANUM GESTIONE FONDI SGR P.A.;AZIONARIO;AZN;11,41;2,57;5,24;4,25;4,93
FPA;37;FONDO PENSIONE APERTO ZURICH CONTRIBUTION;ZURICH INVESTMENTS LIFE S.P.A.;GARANTITA;OBB PURO;1,31;-1,54;-1,16;-0,24;0,97
FPA;37;FONDO PENSIONE APERTO ZURICH CONTRIBUTION;ZURICH INVESTMENTS LIFE S.P.A.;CONSERVATIVA;OBB PURO;1,13;-3,27;-2,12;-0,33;1,01
FPA;37;FONDO PENSIONE APERTO ZURICH CONTRIBUTION;ZURICH INVESTMENTS LIFE S.P.A.;DINAMICA;AZN;6,38;0,98;2,9;3,54;3,56
FPA;39;ZED OMNIFUND - FONDO PENSIONE APERTO;ZURICH INVESTMENTS LIFE S.P.A.;BILANCIATA 65;AZN;6,03;0,57;2,47;3,14;3,35
FPA;39;ZED OMNIFUND - FONDO PENSIONE APERTO;ZURICH INVESTMENTS LIFE S.P.A.;BILANCIATA 30;BIL;3,61;-1,24;0,24;1,51;2,42
FPA;39;ZED OMNIFUND - FONDO PENSIONE APERTO;ZURICH INVESTMENTS LIFE S.P.A.;OBBLIGAZIONARIA;OBB PURO;1,29;-3,15;-2,05;-0,12;1,33
FPA;39;ZED OMNIFUND - FONDO PENSIONE APERTO;ZURICH INVESTMENTS LIFE S.P.A.;GARANTITA;OBB MISTO;0,62;-2,21;-1,85;-1,04;0,2
FPA;39;ZED OMNIFUND - FONDO PENSIONE APERTO;ZURICH INVESTMENTS LIFE S.P.A.;AZIONARIA;AZN;7,92;2,3;4,22;4,24;3,68
FPA;40;PLURIFONDS IL FONDO PENSIONE DI ITAS VITA;ITAS VITA S.P.A.;ACTIVITAS;AZN;8,04;2,55;4,33;3,97;3,58
FPA;40;PLURIFONDS IL FONDO PENSIONE DI ITAS VITA;ITAS VITA S.P.A.;SOLIDITAS;BIL;6,34;1,46;2,93;2,99;3,14
FPA;40;PLURIFONDS IL FONDO PENSIONE DI ITAS VITA;ITAS VITA S.P.A.;AEQUITAS;BIL;2,55;-1,05;0,83;1,64;
FPA;40;PLURIFONDS IL FONDO PENSIONE DI ITAS VITA;ITAS VITA S.P.A.;SERENITAS;OBB MISTO;3,12;-1,04;-0,06;0,77;2,12
FPA;40;PLURIFONDS IL FONDO PENSIONE DI ITAS VITA;ITAS VITA S.P.A.;SECURITAS;OBB MISTO;2,82;-1,38;-0,98;0,06;1,38
FPA;50;EURORISPARMIO PREVIDENZA COMPLEMENTARE FONDO PENSIONE APERTO;SELLA SGR S.P.A.;OBBLIGAZIONARIO GARANTITO;OBB PURO;3,17;0,75;1,13;0,68;1,2
FPA;50;EURORISPARMIO PREVIDENZA COMPLEMENTARE FONDO PENSIONE APERTO;SELLA SGR S.P.A.;OBBLIGAZIONARIO;OBB PURO;1,79;-1,38;-0,18;0,53;1,71
FPA;50;EURORISPARMIO PREVIDENZA COMPLEMENTARE FONDO PENSIONE APERTO;SELLA SGR S.P.A.;BILANCIATO;BIL;2,4;-0,47;1,8;2;2,71
FPA;50;EURORISPARMIO PREVIDENZA COMPLEMENTARE FONDO PENSIONE APERTO;SELLA SGR S.P.A.;AZIONARIO EUROPA;AZN;5,45;2,71;5,05;4,42;4,24
FPA;50;EURORISPARMIO PREVIDENZA COMPLEMENTARE FONDO PENSIONE APERTO;SELLA SGR S.P.A.;AZIONARIO INTERNAZIONALE;AZN;11,17;3,63;6,54;5,52;5,1
FPA;57;FONDO PENSIONE APERTO CREDIT AGRICOLE VITA;CREDIT AGRICOLE VITA S.P.A.;LINEA GARANTITA;BIL;1,97;-0,76;0,04;0,79;
FPA;57;FONDO PENSIONE APERTO CREDIT AGRICOLE VITA;CREDIT AGRICOLE VITA S.P.A.;LINEA MODERATA;BIL;7,13;-0,47;2,49;3,35;4,03
FPA;57;FONDO PENSIONE APERTO CREDIT AGRICOLE VITA;CREDIT AGRICOLE VITA S.P.A.;LINEA DINAMICA;AZN;10,75;2,84;5,75;5,49;5,47
FPN;61;FONDO PENSIONE COMETA;;MONETARIO PLUS;OBB PURO;3,1;0,99;0,64;0,34;
FPN;61;FONDO PENSIONE COMETA;;TFR SILENTE;GAR;2,17;-2,2;;;
FPN;61;FONDO PENSIONE COMETA;;REDDITO;BIL;5,52;0,1;1,11;1,61;2,83
FPN;61;FONDO PENSIONE COMETA;;CRESCITA;BIL;10,42;2,34;2,52;2,93;
FPN;61;FONDO PENSIONE COMETA;;SICUREZZA 2020;GAR;2,8;-1,53;;;
FPA;63;ARTI E MESTIERI FONDO PENSIONE APERTO;ANIMA SGR S.P.A.;CRESCITA 25+;AZN;13,66;3,69;6,79;6;5,52
FPA;63;ARTI E MESTIERI FONDO PENSIONE APERTO;ANIMA SGR S.P.A.;RIVALUTAZIONE 10+;BIL;7,44;0,04;2,3;2,76;3,71
FPA;63;ARTI E MESTIERI FONDO PENSIONE APERTO;ANIMA SGR S.P.A.;CONSERVAZIONE 3+;OBB PURO;2,55;-1,28;-0,87;0,05;1,27
FPA;63;ARTI E MESTIERI FONDO PENSIONE APERTO;ANIMA SGR S.P.A.;GARANZIA 1+;OBB PURO;2,76;1,35;0,55;0,06;0,64
FPA;63;ARTI E MESTIERI FONDO PENSIONE APERTO;ANIMA SGR S.P.A.;INCREMENTO E GARANZIA 5+;BIL;3,77;0,76;1,05;1,45;
FPA;63;ARTI E MESTIERI FONDO PENSIONE APERTO;ANIMA SGR S.P.A.;EQUILIBRIO 5+;BIL;5,15;-0,76;0,37;1,25;
FPA;65;SECONDAPENSIONE FONDO PENSIONE APERTO;AMUNDI SGR .S.P.A;PRUDENTE ESG;OBB MISTO;3,32;-0,04;0,65;0,9;1,71
FPA;65;SECONDAPENSIONE FONDO PENSIONE APERTO;AMUNDI SGR .S.P.A;BILANCIATA ESG;BIL;2,97;-1,45;1,27;2,25;3,19
FPA;65;SECONDAPENSIONE FONDO PENSIONE APERTO;AMUNDI SGR .S.P.A;SVILUPPO ESG;BIL;3,94;-0,52;2,7;3,48;3,85
FPA;65;SECONDAPENSIONE FONDO PENSIONE APERTO;AMUNDI SGR .S.P.A;ESPANSIONE ESG;AZN;5,25;1,27;5,02;5,12;4,51
FPA;65;SECONDAPENSIONE FONDO PENSIONE APERTO;AMUNDI SGR .S.P.A;GARANTITA ESG;BIL;2,43;0,28;0,18;0,48;
FPA;70;FONDO PENSIONE APERTO GIUSTINIANO;INTESA SANPAOLO ASSICURAZIONI S.P.A.;MONETARIA;OBB PURO;2,47;0,29;0,01;-0,08;1,02
FPA;70;FONDO PENSIONE APERTO GIUSTINIANO;INTESA SANPAOLO ASSICURAZIONI S.P.A.;TFR+;BIL;3,04;0,41;0,63;0,33;1,39
FPA;70;FONDO PENSIONE APERTO GIUSTINIANO;INTESA SANPAOLO ASSICURAZIONI S.P.A.;BILANCIATA;BIL;9,09;0,8;3,2;3,49;4,05
FPA;70;FONDO PENSIONE APERTO GIUSTINIANO;INTESA SANPAOLO ASSICURAZIONI S.P.A.;AZIONARIA;AZN;13,76;3,24;6,33;5,62;5,37
FPA;70;FONDO PENSIONE APERTO GIUSTINIANO;INTESA SANPAOLO ASSICURAZIONI S.P.A.;OBBLIGAZIONARIA;OBB PURO;1,22;-3,6;-2;-0,18;
FPN;77;FONDOSANITA';;SCUDO;OBB PURO;3,26;0,56;0,47;0,57;1,46
FPN;77;FONDOSANITA';;PROGRESSIONE;BIL;7,34;2,66;3,56;3,07;3,32
FPN;77;FONDOSANITA';;ESPANSIONE;AZN;13,9;2,64;5,8;5,51;5,14
FPA;78;PROGRAMMA OPEN FONDO PENSIONE APERTO;GROUPAMA ASSICURAZIONI S.P.A.;NUOVO OBBLIGAZIONARIO ETICO;OBB MISTO;2,51;;;;
FPA;78;PROGRAMMA OPEN FONDO PENSIONE APERTO;GROUPAMA ASSICURAZIONI S.P.A.;BILANCIATO ETICO;BIL;6,35;-0,11;1,67;2,26;2,64
FPA;78;PROGRAMMA OPEN FONDO PENSIONE APERTO;GROUPAMA ASSICURAZIONI S.P.A.;PREVALENTEMENTE AZIONARIO ETICO;AZN;8,44;1,58;3,62;3,79;3,66
FPA;84;FONDO PENSIONE APERTO IL MIO DOMANI;INTESA SANPAOLO ASSICURAZIONI S.P.A.;LINEA BREVE TERMINE;OBB MISTO;2,56;0,77;0,41;0,01;
FPA;84;FONDO PENSIONE APERTO IL MIO DOMANI;INTESA SANPAOLO ASSICURAZIONI S.P.A.;LINEA TFR;BIL;2,93;0,21;0,39;0,02;
FPA;84;FONDO PENSIONE APERTO IL MIO DOMANI;INTESA SANPAOLO ASSICURAZIONI S.P.A.;LINEA MEDIO TERMINE;BIL;5,6;1,18;1,73;1,53;
FPA;84;FONDO PENSIONE APERTO IL MIO DOMANI;INTESA SANPAOLO ASSICURAZIONI S.P.A.;LINEA LUNGO TERMINE;BIL;8,69;2,73;3,93;3,37;
FPA;84;FONDO PENSIONE APERTO IL MIO DOMANI;INTESA SANPAOLO ASSICURAZIONI S.P.A.;LINEA BREVE TERMINE ESG;OBB MISTO;2,86;-1,43;-0,55;;
FPA;84;FONDO PENSIONE APERTO IL MIO DOMANI;INTESA SANPAOLO ASSICURAZIONI S.P.A.;LINEA MEDIO TERMINE ESG;BIL;5,95;-0,16;1,47;;
FPA;84;FONDO PENSIONE APERTO IL MIO DOMANI;INTESA SANPAOLO ASSICURAZIONI S.P.A.;LINEA LUNGO TERMINE ESG;AZN;8;0,8;2,79;;
FPN;88;FONDO PENSIONE PREVIAMBIENTE;;GARANTITO;GAR;3,12;-0,31;-0,32;0,09;
FPN;88;FONDO PENSIONE PREVIAMBIENTE;;BILANCIATO;OBB MISTO;8,48;2,31;2,76;2,96;3,57
FPN;88;FONDO PENSIONE PREVIAMBIENTE;;AZIONARIO;AZN;12,05;;;;
FPN;89;FONDO PENSIONE ALIFOND;;GARANTITO;GAR;3,29;-0,03;-0,31;0,13;
FPN;89;FONDO PENSIONE ALIFOND;;BILANCIATO;BIL;7,89;1,31;3,08;3,21;3,46
FPN;89;FONDO PENSIONE ALIFOND;;DINAMICO;AZN;11,47;3,36;5,21;5,18;
FPA;92;AZIMUT PREVIDENZA - FONDO PENSIONE APERTO;AZIMUT CAPITAL MANAGEMENT SGR S.P.A.;EQUILIBRATO;BIL;6,41;1,31;2,47;2,58;2,41
FPA;92;AZIMUT PREVIDENZA - FONDO PENSIONE APERTO;AZIMUT CAPITAL MANAGEMENT SGR S.P.A.;CRESCITA;AZN;9,71;1,96;3,96;2,86;2,82
FPA;92;AZIMUT PREVIDENZA - FONDO PENSIONE APERTO;AZIMUT CAPITAL MANAGEMENT SGR S.P.A.;OBBLIGAZIONARIO;OBB PURO;2,53;0,07;0,74;1,17;
FPN;93;FONDO PENSIONE LABORFONDS;;LINEA GARANTITA;GAR;2,63;1,66;1,02;0,75;
FPN;93;FONDO PENSIONE LABORFONDS;;LINEA PRUDENTE - ETICA ;OBB MISTO;5,49;-0,23;1,12;2,03;
FPN;93;FONDO PENSIONE LABORFONDS;;LINEA BILANCIATA;BIL;5,57;-0,12;1,73;2,63;3,61
FPN;93;FONDO PENSIONE LABORFONDS;;LINEA DINAMICA;AZN;9,4;1,9;5,37;4,55;
FPN;99;FONDO PENSIONE FOPEN;;OBBLIGAZIONARIO GARANTITO;GAR;3,53;2,16;1,39;0,98;
FPN;99;FONDO PENSIONE FOPEN;;BILANCIATO OBBLIGAZIONARIO;OBB MISTO;6,49;1,01;2,61;2,68;3,68
FPN;99;FONDO PENSIONE FOPEN;;BILANCIATO AZIONARIO;AZN;11,03;2,61;5,1;4,28;4,36
FPN;100;FONDO PENSIONE PEGASO;;GARANTITO;GAR;3,08;1,92;1,25;0,89;
FPN;100;FONDO PENSIONE PEGASO;;BILANCIATO;BIL;6,46;0,91;2,13;2,5;3,55
FPN;100;FONDO PENSIONE PEGASO;;CRESCITA;AZN;;;;;
FPN;103;FONDO PENSIONE TELEMACO;;GARANTITO  (WHITE);GAR;3,97;0,16;0,69;0,94;
FPN;103;FONDO PENSIONE TELEMACO;;PRUDENTE (GREEN);OBB MISTO;5,04;0,5;1,96;2,26;3,32
FPN;103;FONDO PENSIONE TELEMACO;;BILANCIATO (YELLOW);BIL;7,04;1,45;3,3;3,41;4,04
FPN;106;FONDO PENSIONE ARCO;;GARANTITO;GAR;3,76;0,07;0,63;0,66;
FPN;106;FONDO PENSIONE ARCO;;BILANCIATO PRUDENTE;BIL;7,43;1,23;2,48;2,89;3,48
FPN;106;FONDO PENSIONE ARCO;;BILANCIATO DINAMICO;BIL;10,39;2,12;4,08;4,29;
FPN;107;FONDO PENSIONE FONCER;;GARANTITO;GAR;3,22;1,64;0,93;0,61;
FPN;107;FONDO PENSIONE FONCER;;BILANCIATO;BIL;5,71;1,16;2,39;2,64;3,71
FPN;107;FONDO PENSIONE FONCER;;DINAMICO;AZN;8,01;1,49;4,36;4,57;
FPA;111;AZIONE DI PREVIDENZA - FONDO PENSIONE APERTO;HDI ASSICURAZIONI S.P.A.;PRUDENTE;OBB PURO;3,32;-0,49;-0,01;0,88;2,18
FPA;111;AZIONE DI PREVIDENZA - FONDO PENSIONE APERTO;HDI ASSICURAZIONI S.P.A.;EQUILIBRATA;BIL;4,79;0,24;1,78;2,67;3,48
FPA;111;AZIONE DI PREVIDENZA - FONDO PENSIONE APERTO;HDI ASSICURAZIONI S.P.A.;DINAMICA;AZN;6,52;1,67;4,3;5,12;3,73
FPA;111;AZIONE DI PREVIDENZA - FONDO PENSIONE APERTO;HDI ASSICURAZIONI S.P.A.;GARANTITA ;OBB PURO;3,44;-0,46;0,37;1,23;
FPA;115;FONDO PENSIONE APERTO CNP;CNP VITA ASSICURA S.P.A.;AZIONARIO;AZN;6,36;1,23;3,55;3,82;3,98
FPA;115;FONDO PENSIONE APERTO CNP;CNP VITA ASSICURA S.P.A.;BILANCIATO;BIL;3,24;-1,13;0,89;1,72;2,95
FPA;115;FONDO PENSIONE APERTO CNP;CNP VITA ASSICURA S.P.A.;OBBLIGAZIONARIO;OBB MISTO;2,2;-2,04;-0,25;0,83;2,45
FPA;115;FONDO PENSIONE APERTO CNP;CNP VITA ASSICURA S.P.A.;GARANZIA RESTITUZIONE CAPITALE;OBB MISTO;2,31;-0,31;0,31;0,74;2,23
FPA;115;FONDO PENSIONE APERTO CNP;CNP VITA ASSICURA S.P.A.;GARANZIA DI RENDIMENTO MIN.;OBB MISTO;2,19;-0,46;0,21;0,49;1,87
FPN;116;FONDO PENSIONE FONDAPI;;GARANZIA;GAR;2,91;0,3;0,76;0,97;
FPN;116;FONDO PENSIONE FONDAPI;;PRUDENTE;OBB MISTO;5,2;0,47;2,24;2,79;
FPN;116;FONDO PENSIONE FONDAPI;;CRESCITA;BIL;7,49;1,93;4,02;4,41;
FPN;117;FONDO PENSIONE PREVIMODA;;GARANTITO;GAR;4,13;-0,06;-0,16;0,28;
FPN;117;FONDO PENSIONE PREVIMODA;;SMERALDO BILANCIATO;BIL;6,05;1,02;2,71;2,89;3,73
FPN;117;FONDO PENSIONE PREVIMODA;;RUBINO AZIONARIO;AZN;8,84;1,42;4,14;4,42;
FPA;118;INSIEME - FONDO PENSIONE APERTO A CONTRIBUZIONE DEFINITA;ALLIANZ S.P.A.;LINEA FLESSIBILE;OBB PURO;1,95;-2,9;-1,4;0,15;1,05
FPA;118;INSIEME - FONDO PENSIONE APERTO A CONTRIBUZIONE DEFINITA;ALLIANZ S.P.A.;LINEA OBBLIGAZIONARIA;OBB MISTO;3,83;-0,2;0,32;0,64;1,93
FPA;118;INSIEME - FONDO PENSIONE APERTO A CONTRIBUZIONE DEFINITA;ALLIANZ S.P.A.;LINEA BILANCIATA;AZN;10,29;2,27;3,99;3,69;3,99
FPA;118;INSIEME - FONDO PENSIONE APERTO A CONTRIBUZIONE DEFINITA;ALLIANZ S.P.A.;LINEA AZIONARIA;AZN;17,67;4,99;7,9;6,85;5,9
FPA;118;INSIEME - FONDO PENSIONE APERTO A CONTRIBUZIONE DEFINITA;ALLIANZ S.P.A.;LINEA OBBLIGAZIONARIA BREVE TERMINE;OBB PURO;2,6;0,28;-0,05;;
FPA;118;INSIEME - FONDO PENSIONE APERTO A CONTRIBUZIONE DEFINITA;ALLIANZ S.P.A.;LINEA OBBLIGAZIONARIA LUNGO TERMINE;OBB PURO;2,22;-1,36;-0,92;;
FPA;118;INSIEME - FONDO PENSIONE APERTO A CONTRIBUZIONE DEFINITA;ALLIANZ S.P.A.;LINEA MULTIASSET;BIL;5,32;-0,18;0,98;;
FPA;120;FONDO PENSIONE APERTO BIM VITA;BIM VITA S.P.A.;BOND;OBB MISTO;2,31;-1,11;-0,73;-0,24;1,73
FPA;120;FONDO PENSIONE APERTO BIM VITA;BIM VITA S.P.A.;EQUILIBRIO;BIL;4,67;0,2;0,5;0,78;1,98
FPA;120;FONDO PENSIONE APERTO BIM VITA;BIM VITA S.P.A.;BILANCIATA  GLOBALE;BIL;10,05;5,14;4,63;3,37;2,99
FPA;120;FONDO PENSIONE APERTO BIM VITA;BIM VITA S.P.A.;EQUITY;AZN;15,8;8,52;7,25;5,02;4,08
FPN;122;FONDO PENSIONE CONCRETO;;GARANTITO;GAR;3,53;0,04;0,51;0,5;
FPN;122;FONDO PENSIONE CONCRETO;;BILANCIATO;OBB MISTO;7,45;1,4;2,39;2,46;3,38
FPN;123;FONDO PENSIONE FON.TE.;;CONSERVATIVO;GAR;3,07;-0,31;-0,23;0,3;
FPN;123;FONDO PENSIONE FON.TE.;;SVILUPPO;OBB MISTO;5,15;0,19;1,83;2,2;
FPN;123;FONDO PENSIONE FON.TE.;;CRESCITA;BIL;5,73;0,09;2,44;3,23;
FPN;123;FONDO PENSIONE FON.TE.;;DINAMICO;AZN;8,63;1,96;4,42;4,72;
FPN;124;FONDO PENSIONE BYBLOS;;GARANTITO;GAR;2,59;-0,44;-0,04;0,52;
FPN;124;FONDO PENSIONE BYBLOS;;BILANCIATO;BIL;7,29;1,01;2,49;2,86;3,41
FPN;124;FONDO PENSIONE BYBLOS;;DINAMICO;AZN;11,49;3,02;5,43;4,86;
FPN;125;FONDO PENSIONE FONDO GOMMA PLASTICA;;CONSERVATIVO CON GARANZIA;GAR;3,72;1,63;1,04;0,8;
FPN;125;FONDO PENSIONE FONDO GOMMA PLASTICA;;BILANCIATO;BIL;6,04;0,21;2,08;2,75;
FPN;125;FONDO PENSIONE FONDO GOMMA PLASTICA;;DINAMICO;AZN;9,05;1,56;4;4,37;
FPN;126;FONDO PENSIONE MEDIAFOND;;COMPARTO GARANTITO;GAR;3,09;0,42;0,9;0,78;
FPN;126;FONDO PENSIONE MEDIAFOND;;COMPARTO OBBLIGAZIONARIO;OBB PURO;3,35;-0,52;0,02;0,71;
FPN;126;FONDO PENSIONE MEDIAFOND;;COMPARTO AZIONARIO;AZN;15,36;3,01;7,61;7,19;
FPN;127;PREVAER - FONDO PENSIONE;;LINEA GARANTITA;GAR;3,26;2,22;1,46;1,02;
FPN;127;PREVAER - FONDO PENSIONE;;LINEA PRUDENTE;OBB MISTO;2,9;-1,02;-0,03;0,9;
FPN;127;PREVAER - FONDO PENSIONE;;LINEA DINAMICA;BIL;10,24;2,3;4,23;4,44;
FPN;127;PREVAER - FONDO PENSIONE;;LINEA CRESCITA;BIL;7,43;1,32;2,69;3,02;
FPN;129;FONDO PENSIONE EUROFER;;GARANTITO;GAR;2,62;0,78;0,72;0,72;
FPN;129;FONDO PENSIONE EUROFER;;BILANCIATO;BIL;7,05;1,1;2,47;2,95;3,41
FPN;129;FONDO PENSIONE EUROFER;;DINAMICO;AZN;11,6;2,52;4,7;5,02;
FPN;136;FONDO PENSIONE PREVEDI;;SICUREZZA;GAR;3,72;0,03;0,67;0,86;
FPN;136;FONDO PENSIONE PREVEDI;;BILANCIATO;BIL;6,64;0,66;2,49;2,95;
FPN;139;FONDO PENSIONE PRIAMO;;GARANTITO PROTEZIONE;GAR;2,83;1,82;1,13;0,92;
FPN;139;FONDO PENSIONE PRIAMO;;BILANCIATO SVILUPPO ;BIL;5,81;1,03;2,69;2,82;
FPN;139;FONDO PENSIONE PRIAMO;;BILANCIATO PRUDENZA;OBB MISTO;4,63;1,79;1,98;1,77;
FPN;143;FONDO PENSIONE FONDOPOSTE;;GARANTITO;GAR;4,34;0,05;0,92;1,06;
FPN;143;FONDO PENSIONE FONDOPOSTE;;BILANCIATO;BIL;6,61;0,04;2,39;2,87;
FPN;145;FONDO PENSIONE FONDO SCUOLA ESPERO;;GARANZIA;GAR;3,5;0,04;0,57;0,62;
FPN;145;FONDO PENSIONE FONDO SCUOLA ESPERO;;CRESCITA;BIL;7,55;1,7;2,96;2,88;
FPN;145;FONDO PENSIONE FONDO SCUOLA ESPERO;;DINAMICO;AZN;;;;;
FPA;147;FONDO PENSIONE APERTO PENSPLAN PROFI;EUREGIO PLUS SGR S.P.A.;ETHICAL LIFE HIGH GROWTH;AZN;2,85;-0,52;2,32;;
FPA;147;FONDO PENSIONE APERTO PENSPLAN PROFI;EUREGIO PLUS SGR S.P.A.;ETHICAL LIFE GROWTH;BIL;2,57;-0,88;1,33;;
FPA;147;FONDO PENSIONE APERTO PENSPLAN PROFI;EUREGIO PLUS SGR S.P.A.;ETHICAL LIFE BALANCED GROWTH;OBB MISTO;2,16;-1,43;0,31;;
FPA;147;FONDO PENSIONE APERTO PENSPLAN PROFI;EUREGIO PLUS SGR S.P.A.;ETHICAL LIFE CONSERVATIVE;OBB MISTO;1,82;-1,92;-0,75;;
FPA;147;FONDO PENSIONE APERTO PENSPLAN PROFI;EUREGIO PLUS SGR S.P.A.;ETHICAL LIFE SHORT TERM;OBB PURO;2,57;0,7;0,22;;
FPN;148;ASTRI - FONDO PENSIONE;;GARANTITO;GAR;2,76;1,95;1,25;0,9;
FPN;148;ASTRI - FONDO PENSIONE;;BILANCIATO;BIL;6,13;0,22;2,11;2,71;
FPA;149;RAIFFEISEN FONDO PENSIONE APERTO;CASSA CENTRALE RAIFFEISEN DELL’ALTO ADIGE S.P.A.;SAFE;OBB PURO;0,98;-2,96;-1,92;-0,63;
FPA;149;RAIFFEISEN FONDO PENSIONE APERTO;CASSA CENTRALE RAIFFEISEN DELL’ALTO ADIGE S.P.A.;ACTIVITY;BIL;2,65;-1,84;0,03;1,29;
FPA;149;RAIFFEISEN FONDO PENSIONE APERTO;CASSA CENTRALE RAIFFEISEN DELL’ALTO ADIGE S.P.A.;DYNAMIC;BIL;5,3;1,23;3,14;3,42;
FPA;149;RAIFFEISEN FONDO PENSIONE APERTO;CASSA CENTRALE RAIFFEISEN DELL’ALTO ADIGE S.P.A.;GUARANTY;OBB MISTO;2,31;0,56;0,25;;
FPA;150;FONDO PENSIONE APERTO IL MELOGRANO;ASSIMOCO VITA S.P.A.;PRUDENTE;OBB PURO;2,21;-1,03;-0,82;-0,2;
FPA;150;FONDO PENSIONE APERTO IL MELOGRANO;ASSIMOCO VITA S.P.A.;EQUILIBRATA;BIL;6,46;1,39;2,6;2,5;
FPA;150;FONDO PENSIONE APERTO IL MELOGRANO;ASSIMOCO VITA S.P.A.;DINAMICA;AZN;8,44;1,83;4,39;3,97;
FPA;150;FONDO PENSIONE APERTO IL MELOGRANO;ASSIMOCO VITA S.P.A.;GARANTITA;OBB MISTO;3,24;-0,6;-0,03;0,37;
FPA;153;FONDO PENSIONE APERTO UBI PREVIDENZA;INTESA SANPAOLO ASSICURAZIONI S.P.A.;CAPITALE SICURO;OBB MISTO;2,99;-0,09;0,11;0,11;
FPA;153;FONDO PENSIONE APERTO UBI PREVIDENZA;INTESA SANPAOLO ASSICURAZIONI S.P.A.;GARANTITO;OBB PURO;1,95;-0,54;-0,68;-0,53;
FPA;153;FONDO PENSIONE APERTO UBI PREVIDENZA;INTESA SANPAOLO ASSICURAZIONI S.P.A.;PRUDENTE;OBB MISTO;2,78;-1,14;-0,31;0,47;
FPA;153;FONDO PENSIONE APERTO UBI PREVIDENZA;INTESA SANPAOLO ASSICURAZIONI S.P.A.;MODERATO;BIL;4,21;-0,31;0,8;1,44;
FPA;153;FONDO PENSIONE APERTO UBI PREVIDENZA;INTESA SANPAOLO ASSICURAZIONI S.P.A.;DINAMICO;BIL;5,92;1,06;2,7;2,85;
FPA;153;FONDO PENSIONE APERTO UBI PREVIDENZA;INTESA SANPAOLO ASSICURAZIONI S.P.A.;AGGRESSIVO;BIL;8,54;2,84;4,62;4,16;
FPA;155;FONDO PENSIONE APERTO SOLUZIONE PREVIDENTE;HELVETIA VITA S.P.A. - COMPAGNIA ITALO SVIZZERA D'ASSICURAZIONI SULLA VITA;LINEA 1 GARANTITA;OBB MISTO;2,35;-0,41;-0,38;-0,37;
FPA;155;FONDO PENSIONE APERTO SOLUZIONE PREVIDENTE;HELVETIA VITA S.P.A. - COMPAGNIA ITALO SVIZZERA D'ASSICURAZIONI SULLA VITA;LINEA 2 PRUDENTE;BIL;4,3;-1,29;-0,3;0,5;
FPA;155;FONDO PENSIONE APERTO SOLUZIONE PREVIDENTE;HELVETIA VITA S.P.A. - COMPAGNIA ITALO SVIZZERA D'ASSICURAZIONI SULLA VITA;LINEA 3 EQUILIBRATA;BIL;6,46;-0,05;1,18;1,72;
FPA;155;FONDO PENSIONE APERTO SOLUZIONE PREVIDENTE;HELVETIA VITA S.P.A. - COMPAGNIA ITALO SVIZZERA D'ASSICURAZIONI SULLA VITA;LINEA 4 DINAMICA;AZN;9,16;;;;
FPN;157;FONDO PENSIONE AGRIFONDO;;GARANTITO;GAR;3,38;0,3;0,65;0,68;
FPN;157;FONDO PENSIONE AGRIFONDO;;BILANCIATO;BIL;5,29;1,49;2,42;2,68;
FPA;160;BAP PENSIONE 2007 FONDO PENSIONE APERTO;INTESA SANPAOLO ASSICURAZIONI S.P.A.;TFR;OBB MISTO;1,59;-1,33;-0,61;-0,41;
FPA;160;BAP PENSIONE 2007 FONDO PENSIONE APERTO;INTESA SANPAOLO ASSICURAZIONI S.P.A.;EQUILIBRIO;BIL;4,02;0,01;1,13;0,93;
FPA;160;BAP PENSIONE 2007 FONDO PENSIONE APERTO;INTESA SANPAOLO ASSICURAZIONI S.P.A.;INVESTIMENTO;AZN;7,36;1,82;3,94;3,1;
FPN;164;FONDO PERSEO SIRIO;;OBBLIGAZIONARIO;OBB;1,84;;;;
FPN;164;FONDO PERSEO SIRIO;;GARANTITO;GAR;3,23;0,34;0,69;0,91;
FPN;164;FONDO PERSEO SIRIO;;AZIONARIO;AZN;12,26;;;;
FPA;169;CORE PENSION FONDO PENSIONE APERTO;AMUNDI SGR .S.P.A;OBBLIGAZIONARIO MISTO 25% ESG;OBB MISTO;2,3;-1,88;0,44;;
FPA;169;CORE PENSION FONDO PENSIONE APERTO;AMUNDI SGR .S.P.A;BILANCIATO 50% ESG;BIL;3,63;-0,68;2,4;;
FPA;169;CORE PENSION FONDO PENSIONE APERTO;AMUNDI SGR .S.P.A;AZIONARIO 75% ESG;AZN;4,33;-0,2;3,67;;
FPA;169;CORE PENSION FONDO PENSIONE APERTO;AMUNDI SGR .S.P.A;AZIONARIO PLUS 90% ESG;AZN;5,11;0,55;4,76;;
FPA;169;CORE PENSION FONDO PENSIONE APERTO;AMUNDI SGR .S.P.A;GARANTITO ESG;OBB MISTO;2,36;0,27;-0,05;;
FPN;170;PREVIDENZA COOPERATIVA;;SICURO;GAR;2,3;0,91;0,5;0,52;
FPN;170;PREVIDENZA COOPERATIVA;;BILANCIATO;OBB MISTO;8,27;1,65;3,15;;
FPN;170;PREVIDENZA COOPERATIVA;;DINAMICO;AZN;11,04;2,26;4,49;;
FPA;171;AZIMUT SUSTAINABLE FUTURE -FONDO PENSIONE APERTO;AZIMUT CAPITAL MANAGEMENT SGR S.P.A.;BILANCIATO CONSERVATIVO;BIL;3,7;0,16;;;
FPA;171;AZIMUT SUSTAINABLE FUTURE -FONDO PENSIONE APERTO;AZIMUT CAPITAL MANAGEMENT SGR S.P.A.;BILANCIATO;BIL;4,57;0,38;;;
FPA;171;AZIMUT SUSTAINABLE FUTURE -FONDO PENSIONE APERTO;AZIMUT CAPITAL MANAGEMENT SGR S.P.A.;BILANCIATO ACCRESCITIVO;BIL;5,37;0,41;;;
PIP;5001;CBA PREVIDENZA - PIANO INDIVIDUALE PENSIONISTICO DI TIPO ASSICURATIVO - FONDO PENSIONE;HDI ASSICURAZIONI S.P.A.;CBA APPRODO;GAR;0,62;1,1;1,32;1,76;
PIP;5001;CBA PREVIDENZA - PIANO INDIVIDUALE PENSIONISTICO DI TIPO ASSICURATIVO - FONDO PENSIONE;HDI ASSICURAZIONI S.P.A.;CBA ORIZZONTE 30;BIL;4,97;0,25;1,56;1,41;
PIP;5001;CBA PREVIDENZA - PIANO INDIVIDUALE PENSIONISTICO DI TIPO ASSICURATIVO - FONDO PENSIONE;HDI ASSICURAZIONI S.P.A.;CBA ORIZZONTE 60;BIL;9,09;2,83;4,87;4,05;
PIP;5002;OUVERTURE 2007 - PIANO INDIVIDUALE PENSIONISTICO DI TIPO ASSICURATIVO - FONDO PENSIONE;INTESA SANPAOLO ASSICURAZIONI S.P.A.;BAP GESTIONE PREVIDENZA;GAR;1,3;1,48;1,46;1,66;
PIP;5003;POSTAPREVIDENZA VALORE - PIANO INDIVIDUALE PENSIONISTICO DI TIPO ASSICURATIVO - FONDO PENSIONE;POSTE VITA S.P.A.;POSTA PENSIONE;GAR;1,49;1,47;1,47;1,97;
PIP;5003;POSTAPREVIDENZA VALORE - PIANO INDIVIDUALE PENSIONISTICO DI TIPO ASSICURATIVO - FONDO PENSIONE;POSTE VITA S.P.A.;POSTE VITA PREVIDENZA FLESSIBILE;BIL;9,7;0,81;3,09;;
PIP;5006;ALLEATA PREVIDENZA - PIANO INDIVIDUALE PENSIONISTICO DI TIPO ASSICURATIVO - FONDO PENSIONE;ALLEANZA ASSICURAZIONI S.P.A.;ALLEATA GARANTITA;GAR;1,59;1,36;1,29;1,54;
PIP;5006;ALLEATA PREVIDENZA - PIANO INDIVIDUALE PENSIONISTICO DI TIPO ASSICURATIVO - FONDO PENSIONE;ALLEANZA ASSICURAZIONI S.P.A.;ALLEATA BILANCIATA;BIL;7,87;0,3;2,29;1,94;
PIP;5006;ALLEATA PREVIDENZA - PIANO INDIVIDUALE PENSIONISTICO DI TIPO ASSICURATIVO - FONDO PENSIONE;ALLEANZA ASSICURAZIONI S.P.A.;ALLEATA AZIONARIA;AZN;11,66;2,25;5;3,88;
PIP;5007;PREVIDENZA HDI - PIANO INDIVIDUALE PENSIONISTICO DI TIPO ASSICURATIVO - FONDO PENSIONE;HDI ASSICURAZIONI S.P.A.;HDI FONDO PENSIONE;GAR;1,62;1,44;1,38;1,49;
PIP;5008;FUTURO ATTIVO – PIANO INDIVIDUALE PENSIONISTICO DI TIPO ASSICURATIVO – FONDO PENSIONE;GENERTEL S.P.A.;PREVIDENZA CONCRETA;GAR;1,75;1,73;1,78;2,02;
PIP;5010;AXA MPS PREVIDENZA ATTIVA - PIANO INDIVIDUALE PENSIONISTICO DI TIPO ASSICURATIVO - FONDO PENSIONE;AXA MPS ASSICURAZIONI VITA S.P.A.;MPV PREVIDENZA;GAR;0,64;0,7;0,75;1,03;
PIP;5010;AXA MPS PREVIDENZA ATTIVA - PIANO INDIVIDUALE PENSIONISTICO DI TIPO ASSICURATIVO - FONDO PENSIONE;AXA MPS ASSICURAZIONI VITA S.P.A.;MPV PREVIDENZA EQUILIBRATO;BIL;6,49;0,18;2,06;2,5;
PIP;5010;AXA MPS PREVIDENZA ATTIVA - PIANO INDIVIDUALE PENSIONISTICO DI TIPO ASSICURATIVO - FONDO PENSIONE;AXA MPS ASSICURAZIONI VITA S.P.A.;MPV PREVIDENZA AGGRESSIVO;AZN;9,66;1,89;4,64;4,49;
PIP;5011;AXA MPS PREVIDENZA PERSONALE - PIANO INDIVIDUALE PENSIONISTICO DI TIPO ASSICURATIVO - FONDO PENSIONE;AXA MPS ASSICURAZIONI VITA S.P.A.;MPV PREVIDENZA;GAR;0,7;0,78;0,83;1,11;
PIP;5011;AXA MPS PREVIDENZA PERSONALE - PIANO INDIVIDUALE PENSIONISTICO DI TIPO ASSICURATIVO - FONDO PENSIONE;AXA MPS ASSICURAZIONI VITA S.P.A.;MPV PREVIDENZA EQUILIBRATO;BIL;6,49;0,18;2,06;2,5;
PIP;5011;AXA MPS PREVIDENZA PERSONALE - PIANO INDIVIDUALE PENSIONISTICO DI TIPO ASSICURATIVO - FONDO PENSIONE;AXA MPS ASSICURAZIONI VITA S.P.A.;MPV PREVIDENZA AGGRESSIVO;AZN;9,66;1,89;4,64;4,49;
PIP;5012;VIPENSIONO - PIANO INDIVIDUALE PENSIONISTICO DI TIPO ASSICURATIVO - FONDO PENSIONE;GAMALIFE COMPANHIA DE SUGUROS DE VIDA, SA;FONDO VIP;GAR;1,66;1,56;1,59;1,85;
PIP;5012;VIPENSIONO - PIANO INDIVIDUALE PENSIONISTICO DI TIPO ASSICURATIVO - FONDO PENSIONE;GAMALIFE COMPANHIA DE SUGUROS DE VIDA, SA;EUROVIP;AZN;5,91;3,4;4,03;3,07;
PIP;5019;PROGRAMMA PENSIONE - PIANO INDIVIDUALE PENSIONISTICO DI TIPO ASSICURATIVO - FONDO PENSIONE;ZURICH INVESTMENTS LIFE S.P.A.;ZURICH PENSION ESG AZIONARIO;AZN;15,37;4,66;7,15;6,43;
PIP;5019;PROGRAMMA PENSIONE - PIANO INDIVIDUALE PENSIONISTICO DI TIPO ASSICURATIVO - FONDO PENSIONE;ZURICH INVESTMENTS LIFE S.P.A.;ZURICH PENSION ESG FLEX 8;BIL;7,82;-1,37;0,75;1,83;
PIP;5019;PROGRAMMA PENSIONE - PIANO INDIVIDUALE PENSIONISTICO DI TIPO ASSICURATIVO - FONDO PENSIONE;ZURICH INVESTMENTS LIFE S.P.A.;ZURICH PENSION ESG FLEX 4;BIL;4,31;0,61;0,12;-0,43;
PIP;5019;PROGRAMMA PENSIONE - PIANO INDIVIDUALE PENSIONISTICO DI TIPO ASSICURATIVO - FONDO PENSIONE;ZURICH INVESTMENTS LIFE S.P.A.;ZURICH PENSION ESG PROTETTO;OBB MISTO;3,63;;;;
PIP;5023;GROUPAMA PIANO PENSIONISTICO INDIVIDUALE - PIANO INDIVIDUALE PENSIONISTICO DI TIPO ASSICURATIVO - FONDO PENSIONE;GROUPAMA ASSICURAZIONI S.P.A;VALOREPIU' PREVIDENZA;GAR;0,7;0,47;0,34;0,61;
PIP;5024;ELIOS PREVIDENZA 2007 - PIANO INDIVIDUALE PENSIONISTICO DI TIPO ASSICURATIVO - FONDO PENSIONE;ALLIANZ S.P.A.;FONDO PROTETTO 2007;GAR;2,54;0,67;-0,31;-0,47;
PIP;5024;ELIOS PREVIDENZA 2007 - PIANO INDIVIDUALE PENSIONISTICO DI TIPO ASSICURATIVO - FONDO PENSIONE;ALLIANZ S.P.A.;FONDO ARMONICO  2007;BIL;4,14;2,08;1,44;1,26;
PIP;5024;ELIOS PREVIDENZA 2007 - PIANO INDIVIDUALE PENSIONISTICO DI TIPO ASSICURATIVO - FONDO PENSIONE;ALLIANZ S.P.A.;FONDO ATTIVO  2007;BIL;6,44;3,26;2,55;2,16;
PIP;5025;TAXBENEFIT NEW - PIANO INDIVIDUALE PENSIONISTICO DI TIPO ASSICURATIVO - FONDO PENSIONE;MEDIOLANUM VITA S.P.A.;CHALLENGE PROVIDENT FUND 1;AZN;15,37;3,27;5,46;5,27;
PIP;5025;TAXBENEFIT NEW - PIANO INDIVIDUALE PENSIONISTICO DI TIPO ASSICURATIVO - FONDO PENSIONE;MEDIOLANUM VITA S.P.A.;CHALLENGE PROVIDENT FUND 2;BIL;8,67;1,21;3,04;3,12;
PIP;5025;TAXBENEFIT NEW - PIANO INDIVIDUALE PENSIONISTICO DI TIPO ASSICURATIVO - FONDO PENSIONE;MEDIOLANUM VITA S.P.A.;CHALLENGE PROVIDENT FUND 3;OBB PURO;0,52;-2,5;-1,4;-0,2;
PIP;5025;TAXBENEFIT NEW - PIANO INDIVIDUALE PENSIONISTICO DI TIPO ASSICURATIVO - FONDO PENSIONE;MEDIOLANUM VITA S.P.A.;CHALLENGE PROVIDENT FUND 4;OBB PURO;1,66;0,39;0,24;0,01;
PIP;5025;TAXBENEFIT NEW - PIANO INDIVIDUALE PENSIONISTICO DI TIPO ASSICURATIVO - FONDO PENSIONE;MEDIOLANUM VITA S.P.A.;CHALLENGE PROVIDENT FUND 5;BIL;2,43;1,17;0,52;-0,04;
PIP;5027;CNP TOP PENSION - PIANO INDIVIDUALE PENSIONISTICO DI TIPO ASSICURATIVO - FONDO PENSIONE;CNP VITA ASSICURA S.P.A.;GEPI;GAR;0,76;0,99;1,32;1,69;
PIP;5027;CNP TOP PENSION - PIANO INDIVIDUALE PENSIONISTICO DI TIPO ASSICURATIVO - FONDO PENSIONE;CNP VITA ASSICURA S.P.A.;CNP PIP AZIONARIO;AZN;5,72;2,08;4,77;4,11;
PIP;5027;CNP TOP PENSION - PIANO INDIVIDUALE PENSIONISTICO DI TIPO ASSICURATIVO - FONDO PENSIONE;CNP VITA ASSICURA S.P.A.;CNP PIP OBBLIGAZIONARIO;OBB PURO;0,76;-3,1;-2,05;-0,78;
PIP;5027;CNP TOP PENSION - PIANO INDIVIDUALE PENSIONISTICO DI TIPO ASSICURATIVO - FONDO PENSIONE;CNP VITA ASSICURA S.P.A.;CNP PIP BILANCIATO;BIL;3,47;-1,65;0,14;0,82;
PIP;5027;CNP TOP PENSION - PIANO INDIVIDUALE PENSIONISTICO DI TIPO ASSICURATIVO - FONDO PENSIONE;CNP VITA ASSICURA S.P.A.;CNP PIP FLESSIBILE;BIL;4,28;-0,78;-0,77;-0,76;
PIP;5029;CRÉDIT AGRICOLE VITA PENSIONE PIU' - PIANO INDIVIDUALE PENSIONISTICO DI TIPO ASSICURATIVO - FONDO PENSIONE;CRÉDIT AGRICOLE VITA S.P.A.;CRÉDIT AGRICOLE VITA PREVIDENZA;GAR;1,58;1,19;1,31;1,6;
PIP;5033;PROGRAMMA PER TE - PIANO INDIVIDUALE PENSIONISTICO DI TIPO ASSICURATIVO - FONDO PENSIONE;GROUPAMA ASSICURAZIONI S.P.A;VALOREPIU' PREVIDENZA;GAR;1;0,77;0,63;0,89;
PIP;5033;PROGRAMMA PER TE - PIANO INDIVIDUALE PENSIONISTICO DI TIPO ASSICURATIVO - FONDO PENSIONE;GROUPAMA ASSICURAZIONI S.P.A;VALOREPIÙ AZIONARIO PREVIDENZA;AZN;4,68;1,51;3,07;3,29;
PIP;5036;PIANO INDIVIDUALE PENSIONISTICO DI TIPO ASSICURATIVO - PROGRESSIVE PENSION PLAN - PROGRAMMA DINAMICO - FONDO PENSIONE;ARCA VITA S.P.A.;CONTROL;OBB MISTO;3,58;-0,99;0,1;0,95;
PIP;5036;PIANO INDIVIDUALE PENSIONISTICO DI TIPO ASSICURATIVO - PROGRESSIVE PENSION PLAN - PROGRAMMA DINAMICO - FONDO PENSIONE;ARCA VITA S.P.A.;MEDIUM;BIL;8,36;1,52;3,4;3,66;
PIP;5036;PIANO INDIVIDUALE PENSIONISTICO DI TIPO ASSICURATIVO - PROGRESSIVE PENSION PLAN - PROGRAMMA DINAMICO - FONDO PENSIONE;ARCA VITA S.P.A.;POWER;AZN;10,65;2,79;5;4,9;
PIP;5037;PIP PROGETTO PENSIONE - PIANO INDIVIDUALE PENSIONISTICO DI TIPO ASSICURATIVO - FONDO PENSIONE;INTESA SANPAOLO ASSICURAZIONI S.P.A.;STRATEGIA 15;OBB MISTO;3,09;-0,89;-0,14;0,18;
PIP;5037;PIP PROGETTO PENSIONE - PIANO INDIVIDUALE PENSIONISTICO DI TIPO ASSICURATIVO - FONDO PENSIONE;INTESA SANPAOLO ASSICURAZIONI S.P.A.;STRATEGIA 30;OBB MISTO;5,39;0,17;1,23;1,34;
PIP;5037;PIP PROGETTO PENSIONE - PIANO INDIVIDUALE PENSIONISTICO DI TIPO ASSICURATIVO - FONDO PENSIONE;INTESA SANPAOLO ASSICURAZIONI S.P.A.;STRATEGIA 40;BIL;7,08;0,25;1,64;1,87;
PIP;5037;PIP PROGETTO PENSIONE - PIANO INDIVIDUALE PENSIONISTICO DI TIPO ASSICURATIVO - FONDO PENSIONE;INTESA SANPAOLO ASSICURAZIONI S.P.A.;STRATEGIA 55;AZN;9,7;1,23;2,94;3;
PIP;5037;PIP PROGETTO PENSIONE - PIANO INDIVIDUALE PENSIONISTICO DI TIPO ASSICURATIVO - FONDO PENSIONE;INTESA SANPAOLO ASSICURAZIONI S.P.A.;STRATEGIA 70;AZN;11,77;2,51;4,29;4,15;
PIP;5037;PIP PROGETTO PENSIONE - PIANO INDIVIDUALE PENSIONISTICO DI TIPO ASSICURATIVO - FONDO PENSIONE;INTESA SANPAOLO ASSICURAZIONI S.P.A.;EV PREVI;GAR;1,38;1,36;1,13;1,12;
PIP;5039;PIANO PENSIONISTICO BAYERISCHE - TARIFFA 4026 - PIANO INDIVIDUALE PENSIONISTICO DI TIPO ASSICURATIVO - FONDO PENSIONE;CRONOS VITA ASSICURAZIONI S.P.A.;NUOVO PPB;GAR;0,96;1,19;1,61;2,01;
PIP;5040;PIANO PENSIONISTICO BAYERISCHE - TARIFFA 4036 - PIANO INDIVIDUALE PENSIONISTICO DI TIPO ASSICURATIVO - FONDO PENSIONE;CRONOS VITA ASSICURAZIONI S.P.A.;NUOVO PPB;GAR;0,96;1,19;1,61;2,01;
PIP;5044;PIANO PENSIONISTICO BAYERISCHE - TARIFFA 4046 - PIANO INDIVIDUALE PENSIONISTICI DI TIPO ASSICURATIVO - FONDO PENSIONE;CRONOS VITA ASSICURAZIONI S.P.A.;NUOVO PPB;GAR;0,96;1,19;1,61;2,01;
PIP;5046;TAX QUALIFIED ANNUITY III - RENDITA DI PREVIDENZA QUALIFICATA - PIANO INDIVIDUALE PENSIONISTICO DI TIPO ASSICURATIVO - FONDO PENSIONE;CRONOS VITA ASSICURAZIONI S.P.A.;PREVI;GAR;2,57;2,62;2,62;2,93;
PIP;5047;MODUS. PIANO INDIVIDUALE PENSIONISTICO DI TIPO ASSICURATIVO - FONDO PENSIONE;BCC VITA S.P.A.;BCC VITA GARANTITA PIP;GAR;0,51;0,81;0,82;1,04;
PIP;5047;MODUS. PIANO INDIVIDUALE PENSIONISTICO DI TIPO ASSICURATIVO - FONDO PENSIONE;BCC VITA S.P.A.;BCC VITA EQUITY AMERICA PIP;AZN;22,86;6,18;11,07;8,79;
PIP;5047;MODUS. PIANO INDIVIDUALE PENSIONISTICO DI TIPO ASSICURATIVO - FONDO PENSIONE;BCC VITA S.P.A.;BCC VITA EQUITY EUROPA PIP;AZN;4,08;0,22;2,14;2,67;
PIP;5047;MODUS. PIANO INDIVIDUALE PENSIONISTICO DI TIPO ASSICURATIVO - FONDO PENSIONE;BCC VITA S.P.A.;BCC VITA EQUITY ASIA PIP;AZN;8,58;-3,05;0,24;3,23;
PIP;5047;MODUS. PIANO INDIVIDUALE PENSIONISTICO DI TIPO ASSICURATIVO - FONDO PENSIONE;BCC VITA S.P.A.;BCC VITA WORLD GLOBAL BOND PIP;OBB MISTO;-0,02;-4,01;-2,87;-1,52;
PIP;5049;FUTURO PENSIONE PIANO INDIVIDUALE PENSIONISTICO DI TIPO ASSICURATIVO - FONDO PENSIONE;GAMALIFE COMPANHIA DE SUGUROS DE VIDA, SA;FONDO VIP;GAR;2,36;2,28;2,3;2,51;3,03
PIP;5050;UNIPOL FUTURO PRESENTE - PIANO INDIVIDUALE PENSIONISTICO DI TIPO ASSICURATIVO - FONDO PENSIONE;UNIPOL  ASSICURAZIONI S.P.A.;PREVIATTIVA UNIPOL;GAR;1,39;1,34;1,34;1,59;
PIP;5051;AVIVA VITA - PRO FUTURO - PIANO INDIVIDUALE PENSIONISTICO DI TIPO ASSICURATIVO - FONDO PENSIONE;INTESA SANPAOLO ASSICURAZIONI S.P.A.;AVIVA-UBI;GAR;1,92;1,71;1,8;1,97;
PIP;5051;AVIVA VITA - PRO FUTURO - PIANO INDIVIDUALE PENSIONISTICO DI TIPO ASSICURATIVO - FONDO PENSIONE;INTESA SANPAOLO ASSICURAZIONI S.P.A.;AVIVA-UBI 1;OBB MISTO;0,99;-2,31;-2,86;-1,32;
PIP;5051;AVIVA VITA - PRO FUTURO - PIANO INDIVIDUALE PENSIONISTICO DI TIPO ASSICURATIVO - FONDO PENSIONE;INTESA SANPAOLO ASSICURAZIONI S.P.A.;AVIVA-UBI 2;OBB MISTO;2,19;-2,9;-3,26;-1,53;
PIP;5051;AVIVA VITA - PRO FUTURO - PIANO INDIVIDUALE PENSIONISTICO DI TIPO ASSICURATIVO - FONDO PENSIONE;INTESA SANPAOLO ASSICURAZIONI S.P.A.;AVIVA-UBI 3;BIL;4,32;-1,26;0,18;1,11;
PIP;5051;AVIVA VITA - PRO FUTURO - PIANO INDIVIDUALE PENSIONISTICO DI TIPO ASSICURATIVO - FONDO PENSIONE;INTESA SANPAOLO ASSICURAZIONI S.P.A.;AVIVA-UBI 4;AZN;8,28;0,82;3,33;3,64;
PIP;5052;CENTO STELLE REALE - PIANO INDIVIDUALE PENSIONISTICO DI TIPO ASSICURATIVO - FONDO PENSIONE;SOCIETA' REALE MUTUA DI ASSICURAZIONI;REALE LINEA PRUDENTE;OBB PURO;1,52;-3,16;-1,78;0;1,87
PIP;5052;CENTO STELLE REALE - PIANO INDIVIDUALE PENSIONISTICO DI TIPO ASSICURATIVO - FONDO PENSIONE;SOCIETA' REALE MUTUA DI ASSICURAZIONI;REALE LINEA EQUILIBRIO;BIL;2,05;-0,7;0,87;1,39;1,74
PIP;5052;CENTO STELLE REALE - PIANO INDIVIDUALE PENSIONISTICO DI TIPO ASSICURATIVO - FONDO PENSIONE;SOCIETA' REALE MUTUA DI ASSICURAZIONI;REALE LINEA FUTURO;AZN;2,49;0,72;2,38;2,43;1,93
PIP;5053;FEELGOOD - PIANO INDIVIDUALE PENSIONISTICO DI TIPO ASSICURATIVO - FONDO PENSIONE;COMPAGNIA ITALIANA DI PREVIDENZA, ASSICURAZIONI E RIASSICURAZIONI S.P.A.;ITALIANA LINEA PRUDENTE;OBB PURO;1,54;-3,16;-1,8;-0,04;1,81
PIP;5053;FEELGOOD - PIANO INDIVIDUALE PENSIONISTICO DI TIPO ASSICURATIVO - FONDO PENSIONE;COMPAGNIA ITALIANA DI PREVIDENZA, ASSICURAZIONI E RIASSICURAZIONI S.P.A.;ITALIANA LINEA EQUILIBRIO;BIL;2,09;-0,7;0,84;1,34;1,72
PIP;5053;FEELGOOD - PIANO INDIVIDUALE PENSIONISTICO DI TIPO ASSICURATIVO - FONDO PENSIONE;COMPAGNIA ITALIANA DI PREVIDENZA, ASSICURAZIONI E RIASSICURAZIONI S.P.A.;ITALIANA LINEA FUTURO;AZN;2,53;0,64;2,26;2,33;1,85
PIP;5056;PIANO INDIVIDUALE PENSIONISTICO DI TIPO ASSICURATIVO - FONDO PENSIONE PREVINEXT;INTESA SANPAOLO ASSICURAZIONI S.P.A.;PREVINEXT BALANCED;BIL;6,53;-1,16;0,97;2,14;
PIP;5056;PIANO INDIVIDUALE PENSIONISTICO DI TIPO ASSICURATIVO - FONDO PENSIONE PREVINEXT;INTESA SANPAOLO ASSICURAZIONI S.P.A.;PREVINEXT DYNAMIC;AZN;11,15;1,41;3,8;4,16;
PIP;5056;PIANO INDIVIDUALE PENSIONISTICO DI TIPO ASSICURATIVO - FONDO PENSIONE PREVINEXT;INTESA SANPAOLO ASSICURAZIONI S.P.A.;PREVINEXT FUTURO SICURO;GAR;1,13;1,09;1,04;1,23;
PIP;5057;PIANO INDIVIDUALE PENSIONISTICO DI TIPO ASSICURATIVO - FONDO PENSIONE PREVINEXT PLATINUM;INTESA SANPAOLO ASSICURAZIONI S.P.A.;PREVINEXT BALANCED;BIL;6,53;-1,16;0,97;2,14;
PIP;5057;PIANO INDIVIDUALE PENSIONISTICO DI TIPO ASSICURATIVO - FONDO PENSIONE PREVINEXT PLATINUM;INTESA SANPAOLO ASSICURAZIONI S.P.A.;PREVINEXT DYNAMIC;AZN;11,15;1,41;3,8;4,16;
PIP;5057;PIANO INDIVIDUALE PENSIONISTICO DI TIPO ASSICURATIVO - FONDO PENSIONE PREVINEXT PLATINUM;INTESA SANPAOLO ASSICURAZIONI S.P.A.;PREVINEXT FUTURO SICURO;GAR;1,13;1,09;1,04;1,23;
PIP;5059;PIANO INDIVIDUALE PENSIONISTICO DI TIPO ASSICURATIVO  - FONDO PENSIONE GUARDO AVANTI NEW;GENERALI ITALIA S.P.A.;CATTOLICA PREVIDENZA BILANCIATO;BIL;7,19;-0,48;1,22;2,48;
PIP;5059;PIANO INDIVIDUALE PENSIONISTICO DI TIPO ASSICURATIVO  - FONDO PENSIONE GUARDO AVANTI NEW;GENERALI ITALIA S.P.A.;CATTOLICA PREVIDENZA AZIONARIO;AZN;17,67;5,45;8,36;7,89;
PIP;5059;PIANO INDIVIDUALE PENSIONISTICO DI TIPO ASSICURATIVO  - FONDO PENSIONE GUARDO AVANTI NEW;GENERALI ITALIA S.P.A.;CATTOLICA PREVIDENZA SICURO;GAR;1,39;1,37;1,44;1,8;
PIP;5060;PIANO INDIVIDUALE PENSIONISTICO DI TIPO ASSICURATIVO - FONDO PENSIONE - PUNTALTO;GENERALI ITALIA S.P.A.;CATTOLICA PREVIDENZA BILANCIATO;BIL;7,19;-0,48;1,22;2,48;
PIP;5060;PIANO INDIVIDUALE PENSIONISTICO DI TIPO ASSICURATIVO - FONDO PENSIONE - PUNTALTO;GENERALI ITALIA S.P.A.;CATTOLICA PREVIDENZA AZIONARIO;AZN;17,67;5,45;8,36;7,89;
PIP;5060;PIANO INDIVIDUALE PENSIONISTICO DI TIPO ASSICURATIVO - FONDO PENSIONE - PUNTALTO;GENERALI ITALIA S.P.A.;CATTOLICA PREVIDENZA SICURO;GAR;1,39;1,37;1,44;1,8;
PIP;5064;CATTOLICA PREVIDENZA PROGETTO PENSIONE BIS - PIANO INDIVIDUALE PENSIONISTICO DI TIPO ASSICURATIVO - FONDO PENSIONE;GENERALI ITALIA S.P.A.;GESTIONE PREVIDENZA;GAR;1,41;1,39;1,39;1,37;
PIP;5064;CATTOLICA PREVIDENZA PROGETTO PENSIONE BIS - PIANO INDIVIDUALE PENSIONISTICO DI TIPO ASSICURATIVO - FONDO PENSIONE;GENERALI ITALIA S.P.A.;EV STRATEGIA INTERNAZIONALE;AZN;19,03;6,34;9,16;8,5;
PIP;5066;NG - NUOVA GENERAZIONE - PIANO INDIVIDUALE PENSIONISTICO DI TIPO ASSICURATIVO - FONDO PENSIONE;CRONOS VITA ASSICURAZIONI S.P.A.;NUOVO PPB;GAR;0,96;1,19;1,61;2,01;
PIP;5068;DOMANI SICURO PLUS - PIANO INDIVIDUALE PENSIONISTICO DI TIPO ASSICURATIVO - FONDO PENSIONE;COMPAGNIA ITALIANA DI PREVIDENZA, ASSICURAZIONI E RIASSICURAZIONI S.P.A.;PREFIN FUTURO;GAR;1,12;1,18;1,29;1,48;
PIP;5068;DOMANI SICURO PLUS - PIANO INDIVIDUALE PENSIONISTICO DI TIPO ASSICURATIVO - FONDO PENSIONE;COMPAGNIA ITALIANA DI PREVIDENZA, ASSICURAZIONI E RIASSICURAZIONI S.P.A.;PREVIDENZA FUTURO AGGRESSIVA;AZN;10,64;2,88;5,09;4,97;
PIP;5069;AXA PROGETTO PENSIONE PIU' - PIANO INDIVIDUALE PENSIONISTICO DI TIPO ASSICURATIVO - FONDO PENSIONE;AXA ASSICURAZIONI S.P.A.;GESTIRIV PREVIDENZA;GAR;0,73;0,64;0,88;1,35;
PIP;5069;AXA PROGETTO PENSIONE PIU' - PIANO INDIVIDUALE PENSIONISTICO DI TIPO ASSICURATIVO - FONDO PENSIONE;AXA ASSICURAZIONI S.P.A.;AXA PREVIDENZA ASSOLUTO;BIL;2,82;-1,08;-0,59;-0,1;
PIP;5069;AXA PROGETTO PENSIONE PIU' - PIANO INDIVIDUALE PENSIONISTICO DI TIPO ASSICURATIVO - FONDO PENSIONE;AXA ASSICURAZIONI S.P.A.;AXA PREVIDENZA EUROPA;AZN;5,92;2,36;4,22;4,39;
PIP;5069;AXA PROGETTO PENSIONE PIU' - PIANO INDIVIDUALE PENSIONISTICO DI TIPO ASSICURATIVO - FONDO PENSIONE;AXA ASSICURAZIONI S.P.A.;AXA PREVIDENZA INTERNAZIONALE;AZN;19,85;6,69;9,41;8,39;
PIP;5073;CENTO STELLE TAXPLAN - PIANO INDIVIDUALE PENSIONISTICO DI TIPO ASSICURATIVO - FONDO PENSIONE;SOCIETA' REALE MUTUA DI ASSICURAZIONI;PREVIDENZA REALE;GAR;1,21;1,03;1,12;1,51;
PIP;5074;PLANNER - PIANO INDIVIDUALE PENSIONISTICO DI TIPO ASSICURATIVO - FONDO PENSIONE;COMPAGNIA ITALIANA DI PREVIDENZA, ASSICURAZIONI E RIASSICURAZIONI S.P.A.;ITALIANA LINEA PREVIDENZA;GAR;1,08;1,1;1,19;1,55;
PIP;5075;VERA VITA PREVIDENZA - PIANO INDIVIDUALE PENSIONISTICO DI TIPO ASSICURATIVO - FONDO PENSIONE;VERA VITA S.P.A.;POPOLARE VITA PREVIDENZA;GAR;0,71;0,67;0,73;0,97;
PIP;5075;VERA VITA PREVIDENZA - PIANO INDIVIDUALE PENSIONISTICO DI TIPO ASSICURATIVO - FONDO PENSIONE;VERA VITA S.P.A.;POPOLARE VITA VALUE;AZN;13,82;4,16;4,99;4,51;
PIP;5079;HELVETIA AEQUA PIANO INDIVIDUALE PENSIONISTICO DI TIPO ASSICURATIVO - FONDO PENSIO;HELVETIA VITA S.P.A. - COMPAGNIA ITALO SVIZZERA DI ASSICURAZIONI SULLA VITA;HELVETIA MULTIMANAGER FLESSIBILE;BIL;3,74;-0,54;0,82;1,14;
PIP;5079;HELVETIA AEQUA PIANO INDIVIDUALE PENSIONISTICO DI TIPO ASSICURATIVO - FONDO PENSIO;HELVETIA VITA S.P.A. - COMPAGNIA ITALO SVIZZERA DI ASSICURAZIONI SULLA VITA;HELVETIA MULTIMANAGER EQUITY;AZN;9,19;1,22;5,08;5;
PIP;5079;HELVETIA AEQUA PIANO INDIVIDUALE PENSIONISTICO DI TIPO ASSICURATIVO - FONDO PENSIO;HELVETIA VITA S.P.A. - COMPAGNIA ITALO SVIZZERA DI ASSICURAZIONI SULLA VITA;HV PREVIREND;GAR;0,94;0,94;0,96;1,22;
PIP;5080;CATTOLICAPREVIDENZAPERLAPENSIONE - PIANO INDIVIDUALE PENSIONISTICO DI TIPO ASSICURATIVO - FONDO PENSIONE;GENERALI ITALIA S.P.A.;GESTIONE PREVIDENZA;GAR;1,41;1,39;1,39;1,37;
PIP;5080;CATTOLICAPREVIDENZAPERLAPENSIONE - PIANO INDIVIDUALE PENSIONISTICO DI TIPO ASSICURATIVO - FONDO PENSIONE;GENERALI ITALIA S.P.A.;EV STRATEGIA INTERNAZIONALE;AZN;19,03;6,34;9,16;8,5;
PIP;5081;PIANO INDIVIDUALE PENSIONISTICO VITTORIA - PIANO INDIVIDUALE PENSIONISTICO DI TIPO ASSICURATIVO - FONDO PENSIONE;VITTORIA ASSICURAZIONI S.P.A.;FONDO VITTORIA PREVIDENZA;GAR;1,69;1,52;1,52;1,73;
PIP;5081;PIANO INDIVIDUALE PENSIONISTICO VITTORIA - PIANO INDIVIDUALE PENSIONISTICO DI TIPO ASSICURATIVO - FONDO PENSIONE;VITTORIA ASSICURAZIONI S.P.A.;FONDO VITTORIA PREVIDENZA FLESSIBILE;BIL;;;;;
PIP;5082;EUROVITA FUTURO - PIANO INDIVIDUALE PENSIONISTICO DI TIPO ASSICURATIVO - FONDO PENSIONE;CRONOS VITA ASSICURAZIONI S.P.A.;FUTURIV;GAR;0,82;0,81;0,84;1,08;
PIP;5083;IL MIO FUTURO - PIANO INDIVIDUALE PENSIONISTICO DI TIPO ASSICURATIVO - FONDO PENSIONE;INTESA SANPAOLO ASSICURAZIONI S.P.A.;MEDIO TERMINE;BIL;4,87;-0,71;0,92;0,7;
PIP;5083;IL MIO FUTURO - PIANO INDIVIDUALE PENSIONISTICO DI TIPO ASSICURATIVO - FONDO PENSIONE;INTESA SANPAOLO ASSICURAZIONI S.P.A.;LUNGO TERMINE;BIL;6,08;-0,35;1,95;1,65;
PIP;5083;IL MIO FUTURO - PIANO INDIVIDUALE PENSIONISTICO DI TIPO ASSICURATIVO - FONDO PENSIONE;INTESA SANPAOLO ASSICURAZIONI S.P.A.;EV PREVI;GAR;1,55;1,47;1,26;1,27;
PIP;5084;BAPCRESCENDOPREVIDENTE - PIANO INDIVIDUALE PENSIONISTICO DI TIPO ASSICURATIVO - FONDO PENSIONE;INTESA SANPAOLO ASSICURAZIONI S.P.A.;BAP GESTIONE PREVIDENZA;GAR;1,21;1,39;1,37;1,57;
PIP;5087;UNICREDIT FUTURO PIP CNP - PIANO INDIVIDUALE PENSIONISTICO DI TIPO ASSICURATIVO - FONDO PENSIONE;CNP VITA ASSICURA S.P.A.;GEPI;GAR;0,54;0,78;1,11;1,5;
PIP;5087;UNICREDIT FUTURO PIP CNP - PIANO INDIVIDUALE PENSIONISTICO DI TIPO ASSICURATIVO - FONDO PENSIONE;CNP VITA ASSICURA S.P.A.;CNP ASSICURAZIONE PREVIDENZA EQUITY;AZN;16,52;4,24;9,41;7,38;
PIP;5088;VERA VITA PENSIONE SICURA - PIANO INDIVIDUALE PENSIONISTICO DI TIPO ASSICURATIVO - FONDO PENSIONE;VERA VITA S.P.A.;POPOLARE VITA PREVIDENZA;GAR;0,66;0,63;0,69;0,93;
PIP;5088;VERA VITA PENSIONE SICURA - PIANO INDIVIDUALE PENSIONISTICO DI TIPO ASSICURATIVO - FONDO PENSIONE;VERA VITA S.P.A.;POPOLARE VITA VALUE;AZN;13,82;4,16;4,99;4,51;
PIP;5088;VERA VITA PENSIONE SICURA - PIANO INDIVIDUALE PENSIONISTICO DI TIPO ASSICURATIVO - FONDO PENSIONE;VERA VITA S.P.A.;POPOLARE VITA BILANCIATO GLOBAL;BIL;7,01;0,56;2,03;2,52;
PIP;5088;VERA VITA PENSIONE SICURA - PIANO INDIVIDUALE PENSIONISTICO DI TIPO ASSICURATIVO - FONDO PENSIONE;VERA VITA S.P.A.;POPOLARE VITA PRUDENTE;OBB MISTO;3,46;-1,97;-0,66;;
PIP;5090;BNL PIANOPENSIONE - PIANO INDIVIDUALE PENSIONISTICO DI TIPO ASSICURATIVO - FONDO PENSIONE;BNP PARIBAS CARDIF VITA COMPAGNIA DI ASSICURAZIONE E RIASSICURAZIONE S.P.A;VALORPREVI;GAR;0,81;0,68;0,66;0,69;
PIP;5090;BNL PIANOPENSIONE - PIANO INDIVIDUALE PENSIONISTICO DI TIPO ASSICURATIVO - FONDO PENSIONE;BNP PARIBAS CARDIF VITA COMPAGNIA DI ASSICURAZIONE E RIASSICURAZIONE S.P.A;VALORPLUS;AZN;11,6;3,63;5,75;5,09;
PIP;5091;MIA PENSIONE - PIANO INDIVIDUALE PENSIONISTICO DI TIPO ASSICURATIVO - FONDO PENSIONE;AXA ASSICURAZIONI S.P.A.;GESTIRIV PREVIDENZA;GAR;0,64;0,43;0,5;0,89;
PIP;5091;MIA PENSIONE - PIANO INDIVIDUALE PENSIONISTICO DI TIPO ASSICURATIVO - FONDO PENSIONE;AXA ASSICURAZIONI S.P.A.;PREVIDENZA EURO SMALL CAP;AZN;0,8;-2,91;1,66;3,92;
PIP;5091;MIA PENSIONE - PIANO INDIVIDUALE PENSIONISTICO DI TIPO ASSICURATIVO - FONDO PENSIONE;AXA ASSICURAZIONI S.P.A.;PREVIDENZA MEGATREND;AZN;5,91;2,77;4,64;4;
PIP;5093;CRÉDIT AGRICOLE VITA PROGETTO PREVIDENZA - PIANO INDIVIDUALE PENSIONISTICO DI TIPO ASSICURATIVO - FONDO PENSIONE;CRÉDIT AGRICOLE VITA S.P.A.;CRÉDIT AGRICOLE VITA PREVIDENZA;GAR;1,54;1,15;1,27;1,56;
PIP;5093;CRÉDIT AGRICOLE VITA PROGETTO PREVIDENZA - PIANO INDIVIDUALE PENSIONISTICO DI TIPO ASSICURATIVO - FONDO PENSIONE;CRÉDIT AGRICOLE VITA S.P.A.;PROGETTO PREVIDENZA 2025;BIL;2,67;0,63;0,82;1,2;
PIP;5093;CRÉDIT AGRICOLE VITA PROGETTO PREVIDENZA - PIANO INDIVIDUALE PENSIONISTICO DI TIPO ASSICURATIVO - FONDO PENSIONE;CRÉDIT AGRICOLE VITA S.P.A.;PROGETTO PREVIDENZA 2030;BIL;4,02;-1,81;-0,91;0,37;
PIP;5093;CRÉDIT AGRICOLE VITA PROGETTO PREVIDENZA - PIANO INDIVIDUALE PENSIONISTICO DI TIPO ASSICURATIVO - FONDO PENSIONE;CRÉDIT AGRICOLE VITA S.P.A.;PROGETTO PREVIDENZA 2035;BIL;5,62;-0,93;-0,5;0,69;
PIP;5093;CRÉDIT AGRICOLE VITA PROGETTO PREVIDENZA - PIANO INDIVIDUALE PENSIONISTICO DI TIPO ASSICURATIVO - FONDO PENSIONE;CRÉDIT AGRICOLE VITA S.P.A.;PROGETTO PREVIDENZA 2040;BIL;7,39;-0,28;1,15;1,74;
PIP;5093;CRÉDIT AGRICOLE VITA PROGETTO PREVIDENZA - PIANO INDIVIDUALE PENSIONISTICO DI TIPO ASSICURATIVO - FONDO PENSIONE;CRÉDIT AGRICOLE VITA S.P.A.;PROGETTO PREVIDENZA 2045;BIL;7,9;-0,1;1,36;1,94;
PIP;5094;ORIZZONTE PREVIDENZA - PIANO INDIVIDUALE PENSIONISTICO DI TIPO ASSICURATIVO - FONDO PENSIONE;ALLIANZ S.P.A.;FORMULA SICURA;GAR;0,55;0,47;0,53;0,85;
PIP;5094;ORIZZONTE PREVIDENZA - PIANO INDIVIDUALE PENSIONISTICO DI TIPO ASSICURATIVO - FONDO PENSIONE;ALLIANZ S.P.A.;FORMULA MODERATA;BIL;4,24;-1,12;-0,05;0,12;
PIP;5094;ORIZZONTE PREVIDENZA - PIANO INDIVIDUALE PENSIONISTICO DI TIPO ASSICURATIVO - FONDO PENSIONE;ALLIANZ S.P.A.;FORMULA EQUILIBRATA;BIL;6,79;0,14;1,23;1,26;
PIP;5094;ORIZZONTE PREVIDENZA - PIANO INDIVIDUALE PENSIONISTICO DI TIPO ASSICURATIVO - FONDO PENSIONE;ALLIANZ S.P.A.;FORMULA ATTIVA;BIL;10,62;1,17;2,94;2,52;
PIP;5094;ORIZZONTE PREVIDENZA - PIANO INDIVIDUALE PENSIONISTICO DI TIPO ASSICURATIVO - FONDO PENSIONE;ALLIANZ S.P.A.;FORMULA SERENA;BIL;4,04;-1,65;;;
PIP;5094;ORIZZONTE PREVIDENZA - PIANO INDIVIDUALE PENSIONISTICO DI TIPO ASSICURATIVO - FONDO PENSIONE;ALLIANZ S.P.A.;OBBLIGAZIONARIO;OBB PURO;0,45;-2,03;;;
PIP;5094;ORIZZONTE PREVIDENZA - PIANO INDIVIDUALE PENSIONISTICO DI TIPO ASSICURATIVO - FONDO PENSIONE;ALLIANZ S.P.A.;BILANCIATO;BIL;9,25;0,82;;;
PIP;5094;ORIZZONTE PREVIDENZA - PIANO INDIVIDUALE PENSIONISTICO DI TIPO ASSICURATIVO - FONDO PENSIONE;ALLIANZ S.P.A.;AZIONARIO GLOBALE;AZN;13,8;2,24;;;
PIP;5096;EUROVITA PENSIONE DOMANI - PIANO INDIVIDUALE PENSIONISTICO DI TIPO ASSICURATIVO - FONDO PENSIONE;CRONOS VITA ASSICURAZIONI S.P.A.;NUOVO PPB;GAR;0,66;0,89;1,31;1,71;
PIP;5096;EUROVITA PENSIONE DOMANI - PIANO INDIVIDUALE PENSIONISTICO DI TIPO ASSICURATIVO - FONDO PENSIONE;CRONOS VITA ASSICURAZIONI S.P.A.;EUROVITA AZIONE PIU';AZN;11,77;3,76;5,44;4,46;
PIP;5097;CNP VALORE INTEGRATIVO - PIANO INDIVIDUALE PENSIONISTICO DI TIPO ASSICURATIVO - FONDO PENSIONE;CNP VITA ASSICURA S.P.A.;GEPI;GAR;0,59;0,82;1,16;;
PIP;5097;CNP VALORE INTEGRATIVO - PIANO INDIVIDUALE PENSIONISTICO DI TIPO ASSICURATIVO - FONDO PENSIONE;CNP VITA ASSICURA S.P.A.;CNP ASSICURAZIONE PREVIDENZA EQUITY;AZN;16,52;4,24;9,41;;
PIP;5097;CNP VALORE INTEGRATIVO - PIANO INDIVIDUALE PENSIONISTICO DI TIPO ASSICURATIVO - FONDO PENSIONE;CNP VITA ASSICURA S.P.A.;CNP PIP AZIONARIO;AZN;5,72;2,08;4,77;;
PIP;5097;CNP VALORE INTEGRATIVO - PIANO INDIVIDUALE PENSIONISTICO DI TIPO ASSICURATIVO - FONDO PENSIONE;CNP VITA ASSICURA S.P.A.;CNP PIP OBBLIGAZIONARIO;OBB PURO;0,76;-3,1;-2,05;;
PIP;5097;CNP VALORE INTEGRATIVO - PIANO INDIVIDUALE PENSIONISTICO DI TIPO ASSICURATIVO - FONDO PENSIONE;CNP VITA ASSICURA S.P.A.;CNP PIP BILANCIATO;BIL;3,47;-1,65;0,14;;
PIP;5097;CNP VALORE INTEGRATIVO - PIANO INDIVIDUALE PENSIONISTICO DI TIPO ASSICURATIVO - FONDO PENSIONE;CNP VITA ASSICURA S.P.A.;CNP PIP FLESSIBILE;BIL;4,28;-0,79;-0,77;;
PIP;5098;CREDEMVITA FUTURA - PIANO INDIVIDUALE PENSIONISTICO DI TIPO ASSICURATIVO - FONDO PENSIONE;CREDEMVITA S.PA.;OBBLIGAZIONARIO;OBB MISTO;4,45;-0,95;-0,16;;
PIP;5098;CREDEMVITA FUTURA - PIANO INDIVIDUALE PENSIONISTICO DI TIPO ASSICURATIVO - FONDO PENSIONE;CREDEMVITA S.PA.;FLESSIBILE;BIL;2,97;-1,01;-0,35;;
PIP;5098;CREDEMVITA FUTURA - PIANO INDIVIDUALE PENSIONISTICO DI TIPO ASSICURATIVO - FONDO PENSIONE;CREDEMVITA S.PA.;BILANCIATO;BIL;5,94;0,71;1,88;;
PIP;5098;CREDEMVITA FUTURA - PIANO INDIVIDUALE PENSIONISTICO DI TIPO ASSICURATIVO - FONDO PENSIONE;CREDEMVITA S.PA.;AZIONARIO;AZN;8,53;3,22;4,65;;
PIP;5099;UNIPOL PREVIDENZA FUTURA - PIANO INDIVIDUALE PENSIONISTICO DI TIPO ASSICURATIVO - FONDO PENSIONE;UNIPOL  ASSICURAZIONI S.P.A.;PREVIATTIVA UNIPOL;GAR;1,31;1,25;1,25;;
PIP;5099;UNIPOL PREVIDENZA FUTURA - PIANO INDIVIDUALE PENSIONISTICO DI TIPO ASSICURATIVO - FONDO PENSIONE;UNIPOL  ASSICURAZIONI S.P.A.;PREVIGLOBALE;AZN;16,82;5,01;7,29;;
PIP;5101;PIANO PENSIONE MONEYFARM - PIANO INDIVIDUALE PENSIONISTICO DI TIPO ASSICURATIVO - FONDO PENSIONE;ALLIANZ GLOBAL LIFE DAC;MFM LINEA PRUDENTE;BIL;2,39;-1,89;-0,03;;
PIP;5101;PIANO PENSIONE MONEYFARM - PIANO INDIVIDUALE PENSIONISTICO DI TIPO ASSICURATIVO - FONDO PENSIONE;ALLIANZ GLOBAL LIFE DAC;MFM LINEA MODERATA ;BIL;5,18;-1,58;1,93;;
PIP;5101;PIANO PENSIONE MONEYFARM - PIANO INDIVIDUALE PENSIONISTICO DI TIPO ASSICURATIVO - FONDO PENSIONE;ALLIANZ GLOBAL LIFE DAC;MFM LINEA BILANCIATA ;BIL;8,15;-0,12;3,84;;
PIP;5101;PIANO PENSIONE MONEYFARM - PIANO INDIVIDUALE PENSIONISTICO DI TIPO ASSICURATIVO - FONDO PENSIONE;ALLIANZ GLOBAL LIFE DAC;MFM LINEA ORIZZONTE;BIL;10,08;0,37;5,17;;
PIP;5101;PIANO PENSIONE MONEYFARM - PIANO INDIVIDUALE PENSIONISTICO DI TIPO ASSICURATIVO - FONDO PENSIONE;ALLIANZ GLOBAL LIFE DAC;MFM LINEA FUTURO;BIL;11,44;0,76;5,92;;
PIP;5101;PIANO PENSIONE MONEYFARM - PIANO INDIVIDUALE PENSIONISTICO DI TIPO ASSICURATIVO - FONDO PENSIONE;ALLIANZ GLOBAL LIFE DAC;MFM LINEA AZIONARIA;BIL;12,83;0,88;8,35;;
PIP;5101;PIANO PENSIONE MONEYFARM - PIANO INDIVIDUALE PENSIONISTICO DI TIPO ASSICURATIVO - FONDO PENSIONE;ALLIANZ GLOBAL LIFE DAC;MFM LINEA INTRAPRENDENTE;AZN;;;;;
PIP;5102;GENERAZIONE PREVIDENTE - PIANO INDIVIDUALE PENSIONISTICO DI TIPO ASSICURATIVO - FONDO PENSIONE;GENERALI ITALIA S.P.A.;GENERALI AZIONE SOSTENIBILE;AZN;9,96;1,78;;;
PIP;5102;GENERAZIONE PREVIDENTE - PIANO INDIVIDUALE PENSIONISTICO DI TIPO ASSICURATIVO - FONDO PENSIONE;GENERALI ITALIA S.P.A.;GENERALI SCELTA SOSTENIBILE;BIL;8,07;1,17;;;
PIP;5102;GENERAZIONE PREVIDENTE - PIANO INDIVIDUALE PENSIONISTICO DI TIPO ASSICURATIVO - FONDO PENSIONE;GENERALI ITALIA S.P.A.;GENERALI OBIETTIVO PROTEZIONE;BIL;3,75;-0,34;;;
PIP;5102;GENERAZIONE PREVIDENTE - PIANO INDIVIDUALE PENSIONISTICO DI TIPO ASSICURATIVO - FONDO PENSIONE;GENERALI ITALIA S.P.A.;GESAV GLOBAL;GAR;1,29;1,22;1,29;1,64;
PIP;5102;GENERAZIONE PREVIDENTE - PIANO INDIVIDUALE PENSIONISTICO DI TIPO ASSICURATIVO - FONDO PENSIONE;GENERALI ITALIA S.P.A.;A.G. EUROPEAN EQUITY;AZN;4,07;1,21;1,51;2,22;
PIP;5102;GENERAZIONE PREVIDENTE - PIANO INDIVIDUALE PENSIONISTICO DI TIPO ASSICURATIVO - FONDO PENSIONE;GENERALI ITALIA S.P.A.;GLOBAL MULTI ASSET;BIL;3,63;0,12;;;
PIP;5103;ATHORA FUTURO PREVIDENZA - PIANO INDIVIDUALE PENSIONISTICO DI TIPO ASSICURATIVO - FONDO PENSIONE;ATHORA ITALIA S.P.A.;ATHORA ITALIA - LINEA VALORE;GAR;2,09;;;;
PIP;5103;ATHORA FUTURO PREVIDENZA - PIANO INDIVIDUALE PENSIONISTICO DI TIPO ASSICURATIVO - FONDO PENSIONE;ATHORA ITALIA S.P.A.;ATHORA FUTURO AZIONARIO;AZN;4,02;;;;
PIP;5103;ATHORA FUTURO PREVIDENZA - PIANO INDIVIDUALE PENSIONISTICO DI TIPO ASSICURATIVO - FONDO PENSIONE;ATHORA ITALIA S.P.A.;ATHORA FUTURO FLESSIBILE;BIL;2,45;;;;